ph,humidity,temperature,nitrogen,phosphorus,potassium,rainfall,soil_type,label
4.61,37.0,17.14,89.69,82.82,107.6,373.88,sandy,non_favorable
4.64,22.5,17.45,74.23,69.54,87.34,1602.65,silty,non_favorable
5.49,62.14,35.9,5.75,97.67,85.29,880.5,silty,favorable
5.47,76.08,13.27,48.69,46.28,44.55,729.04,clay,non_favorable
7.78,57.9,41.14,48.53,68.48,100.38,1437.04,sandy,non_favorable
7.1,71.37,11.47,31.21,38.28,14.18,665.58,loam,favorable
6.21,51.27,36.69,23.71,45.86,82.07,1603.64,sandy,favorable
7.24,28.69,33.33,23.79,48.64,118.8,1480.0,sandy,non_favorable
7.58,82.43,34.83,31.34,8.69,41.28,735.48,clay,non_favorable
8.61,60.37,32.97,29.45,62.41,106.74,1485.7,clay,favorable
5.69,34.73,27.96,35.22,72.23,108.25,998.8,clay,favorable
8.99,26.07,25.79,91.91,104.03,22.58,519.96,clay,non_favorable
7.18,45.78,29.07,58.83,33.91,68.62,2084.86,silty,favorable
7.57,57.96,18.54,78.71,17.83,55.0,1107.45,sandy,favorable
8.87,75.96,26.25,17.24,76.91,101.79,1215.33,loam,favorable
5.19,76.0,27.26,94.54,65.99,5.07,848.31,clay,non_favorable
5.0,44.04,41.53,97.78,32.54,32.7,1334.71,sandy,non_favorable
4.89,53.88,12.21,92.47,93.07,19.77,1150.56,sandy,non_favorable
5.69,84.79,23.54,29.36,67.02,88.94,602.3,clay,favorable
6.3,68.73,21.95,108.46,56.92,33.51,328.05,loam,favorable
7.15,33.41,17.05,13.16,77.58,31.33,2010.84,sandy,non_favorable
4.82,34.04,31.41,29.64,20.22,112.58,1342.09,loam,favorable
5.59,52.84,23.03,15.85,80.78,45.74,1022.2,silty,favorable
7.53,93.73,13.15,51.3,44.02,104.09,697.31,sandy,non_favorable
6.91,26.21,15.87,58.2,105.57,13.67,1816.04,clay,non_favorable
4.73,94.94,36.75,116.43,111.53,102.6,532.62,sandy,non_favorable
6.67,84.17,38.88,23.93,5.25,49.9,2053.04,silty,non_favorable
5.78,70.73,33.38,95.09,81.12,60.97,579.8,silty,favorable
8.86,61.33,27.35,91.02,11.57,72.18,1205.7,clay,favorable
4.76,55.63,37.24,12.88,12.82,104.11,1007.55,clay,non_favorable
7.11,18.18,12.62,80.6,70.0,41.38,721.53,clay,non_favorable
5.57,46.66,31.49,39.5,41.36,91.46,345.09,loam,favorable
7.3,60.04,13.2,66.83,63.18,20.23,898.02,silty,favorable
8.46,44.56,15.05,100.88,85.91,75.34,2174.47,sandy,non_favorable
7.51,59.37,39.82,16.91,105.98,35.41,1979.43,sandy,non_favorable
5.73,63.39,32.96,28.41,77.94,35.36,1177.06,clay,favorable
4.92,48.89,18.85,5.41,93.68,78.27,723.91,sandy,favorable
6.98,49.21,10.31,13.65,106.56,108.95,1291.18,silty,favorable
7.12,26.85,14.08,40.45,108.38,96.55,1921.41,loam,non_favorable
5.45,34.96,13.29,94.71,106.68,51.73,1441.32,loam,non_favorable
8.67,33.94,15.2,96.99,25.36,52.41,558.72,clay,non_favorable
8.02,47.94,31.44,89.53,33.54,23.31,1602.56,loam,favorable
8.42,83.69,17.12,98.91,57.93,40.1,1790.69,silty,non_favorable
5.5,67.8,22.75,37.04,12.98,93.93,902.29,clay,favorable
7.56,82.49,20.6,8.17,105.86,35.04,1361.18,silty,favorable
4.67,62.73,21.06,95.44,55.19,118.19,431.29,loam,non_favorable
5.65,71.7,10.05,111.44,66.92,87.73,1683.9,clay,non_favorable
6.14,20.6,31.26,42.97,41.1,102.52,1639.51,clay,non_favorable
6.78,68.35,20.44,85.18,68.76,27.06,1529.86,loam,favorable
7.55,87.22,29.7,39.61,68.01,5.05,773.83,silty,favorable
8.04,63.53,20.31,55.81,82.7,63.79,1787.47,silty,favorable
7.46,37.7,31.24,76.21,15.74,114.48,669.74,clay,favorable
5.51,30.93,10.78,33.16,59.64,102.72,345.66,loam,non_favorable
8.49,61.05,32.99,49.16,50.96,21.97,1575.24,silty,favorable
8.0,32.51,35.73,85.03,58.42,69.1,2034.94,sandy,non_favorable
6.55,79.11,31.36,118.61,73.48,114.25,1982.85,sandy,non_favorable
8.24,58.83,38.71,90.52,59.59,34.81,694.48,silty,non_favorable
7.95,56.7,30.06,36.58,13.91,37.86,743.43,loam,favorable
8.52,21.45,14.83,49.05,22.57,29.6,1029.74,loam,non_favorable
6.94,48.26,16.62,53.32,109.06,72.17,1591.05,loam,favorable
6.65,90.42,19.56,49.85,107.54,101.11,1276.44,silty,favorable
6.7,36.83,25.54,49.72,81.92,96.79,1648.36,clay,favorable
8.64,93.46,27.09,109.3,73.07,81.24,367.89,silty,non_favorable
5.11,51.94,11.61,48.6,29.34,42.59,1722.46,silty,non_favorable
5.75,91.1,23.49,101.01,59.09,91.14,304.17,silty,non_favorable
5.51,20.49,40.63,9.63,8.57,33.44,1878.46,loam,non_favorable
5.57,52.88,13.66,113.99,58.48,34.47,937.79,clay,favorable
8.0,28.1,19.95,71.55,111.82,71.22,2016.05,sandy,non_favorable
6.28,72.2,12.43,84.42,77.13,16.72,1744.96,silty,favorable
8.08,60.27,11.31,66.27,81.07,12.93,1495.09,sandy,non_favorable
8.32,80.79,13.38,115.49,78.09,100.3,1614.62,sandy,non_favorable
5.29,56.74,30.81,75.83,110.76,94.08,1129.75,silty,favorable
5.95,34.64,39.91,37.08,56.84,91.3,1339.7,loam,non_favorable
6.01,54.54,20.4,61.07,45.8,34.71,759.32,silty,favorable
7.0,56.33,16.11,32.76,51.74,68.85,680.65,loam,favorable
7.41,54.27,35.37,15.7,30.48,84.56,812.41,silty,favorable
6.63,57.47,23.62,90.78,43.04,85.83,741.83,loam,favorable
5.54,72.7,20.1,90.43,114.35,84.37,583.08,loam,favorable
5.74,62.17,34.33,73.63,117.76,100.75,792.49,silty,non_favorable
5.31,16.13,27.09,36.55,117.04,68.64,1594.83,loam,non_favorable
7.37,75.22,13.28,6.41,37.7,60.05,881.41,clay,non_favorable
5.64,83.94,13.65,12.51,61.55,71.36,1572.9,sandy,non_favorable
5.17,60.03,19.72,119.3,18.62,92.91,1412.64,clay,favorable
7.99,45.43,39.07,39.2,72.68,54.32,1337.26,clay,non_favorable
7.24,74.21,40.32,28.9,29.27,80.95,514.11,sandy,favorable
6.98,27.52,23.07,84.28,59.04,8.75,776.21,clay,favorable
7.66,51.32,32.0,111.25,95.6,76.88,1522.37,loam,favorable
6.41,58.56,30.72,109.47,100.06,13.21,531.85,clay,favorable
7.18,80.94,39.48,55.5,58.9,39.97,1005.02,loam,favorable
6.75,54.5,12.57,9.58,54.68,42.07,700.74,loam,favorable
5.53,68.94,37.54,72.52,7.39,92.95,1842.84,sandy,non_favorable
7.93,29.02,26.61,55.86,36.99,119.65,1071.77,sandy,non_favorable
8.86,52.6,23.07,41.92,17.03,23.49,1023.29,silty,favorable
5.8,90.62,36.03,68.26,57.3,41.17,846.55,silty,non_favorable
8.39,80.99,10.04,104.98,58.13,11.23,1236.88,silty,non_favorable
7.31,75.8,16.51,68.16,111.68,55.38,1596.5,silty,favorable
4.63,65.4,35.58,86.63,40.74,6.57,1015.98,sandy,non_favorable
8.97,88.03,24.77,18.51,100.7,62.31,1633.21,clay,non_favorable
6.37,53.6,25.11,57.53,21.63,26.92,1398.76,loam,favorable
8.39,37.1,35.28,52.72,112.44,63.39,1841.1,clay,non_favorable
7.77,82.0,28.56,80.89,104.5,56.35,1168.68,loam,favorable
6.98,58.47,24.57,42.0,26.7,85.21,1343.6,loam,favorable
8.35,47.86,20.18,59.39,110.04,48.84,2176.83,clay,non_favorable
6.73,17.96,26.07,72.87,105.02,105.53,1080.61,clay,non_favorable
4.57,26.53,37.87,116.55,13.61,94.88,730.05,silty,non_favorable
7.42,83.14,37.27,103.82,48.7,41.42,1637.43,silty,favorable
8.43,17.87,12.19,77.58,110.91,119.7,1693.53,silty,non_favorable
8.9,75.83,32.52,16.56,24.13,39.44,257.89,silty,non_favorable
8.08,38.47,21.99,21.74,66.08,70.08,1785.04,loam,non_favorable
5.29,63.76,22.24,83.56,62.23,72.06,664.38,clay,favorable
6.57,68.35,38.77,58.5,38.08,67.86,347.72,loam,favorable
8.94,38.93,40.78,84.39,57.54,39.74,2198.75,loam,non_favorable
4.98,45.51,21.49,39.03,85.42,7.52,1860.08,silty,favorable
5.74,60.27,31.95,90.64,10.64,74.74,1193.45,silty,favorable
7.99,33.41,35.66,30.19,26.87,33.82,1711.15,loam,non_favorable
7.33,87.27,30.68,40.53,55.69,71.65,1664.72,clay,non_favorable
8.59,41.14,23.3,28.09,95.45,105.79,931.72,sandy,favorable
8.24,35.56,36.39,60.41,97.75,90.85,877.43,loam,non_favorable
6.61,21.02,34.13,30.95,82.78,82.56,994.82,sandy,non_favorable
4.91,46.57,18.46,19.21,47.39,91.14,724.32,loam,favorable
8.2,90.22,13.47,31.89,7.88,106.69,1322.81,silty,non_favorable
7.41,65.83,24.86,85.62,79.66,18.42,290.69,clay,favorable
5.87,54.41,13.11,107.03,20.6,57.17,1540.97,sandy,favorable
7.14,73.13,38.33,80.32,100.87,75.8,2078.11,silty,non_favorable
4.65,44.64,24.19,114.31,103.38,16.43,1571.36,loam,favorable
4.77,37.07,40.98,114.14,99.78,15.54,624.21,loam,non_favorable
4.73,41.68,41.64,95.5,28.6,100.43,1308.42,sandy,non_favorable
8.16,33.64,34.78,95.69,73.54,36.89,2168.06,clay,non_favorable
6.93,78.88,13.52,104.64,20.16,46.2,1776.86,clay,non_favorable
4.57,36.23,14.06,53.41,18.07,12.31,1096.55,loam,non_favorable
6.81,23.72,26.12,113.72,9.99,95.07,1933.96,loam,favorable
6.56,92.12,11.95,60.08,51.19,83.9,1180.54,loam,non_favorable
4.83,21.46,29.47,12.55,36.63,77.8,1296.71,silty,non_favorable
6.21,62.79,19.44,63.14,54.47,96.21,428.83,loam,favorable
6.44,86.05,23.24,100.15,50.85,88.91,825.1,clay,favorable
7.49,44.94,14.88,111.14,12.72,100.65,386.46,loam,favorable
7.85,44.81,14.16,11.9,115.01,69.59,1540.03,sandy,favorable
6.09,68.23,34.01,104.83,87.92,116.37,1400.82,silty,favorable
4.97,55.59,14.95,60.45,102.44,45.26,1312.53,loam,favorable
7.93,60.93,35.83,102.19,117.07,99.12,1427.15,sandy,non_favorable
7.24,67.63,32.19,8.33,36.43,92.68,2043.08,sandy,favorable
4.53,84.59,28.12,51.09,21.32,77.81,261.31,loam,non_favorable
6.19,51.29,15.04,40.84,42.3,113.26,1392.45,clay,favorable
5.2,75.35,11.59,14.38,55.96,53.76,1414.15,sandy,non_favorable
5.73,75.4,13.64,54.44,37.57,83.03,1173.27,silty,favorable
4.7,46.62,29.18,5.88,39.66,29.29,474.47,loam,non_favorable
5.8,24.6,25.92,54.53,19.86,66.25,660.22,loam,favorable
4.82,83.94,11.35,7.16,110.93,104.14,1351.52,loam,non_favorable
7.69,48.42,13.69,7.4,42.35,97.15,1436.25,silty,favorable
4.9,82.56,17.79,72.72,65.26,50.51,820.55,loam,non_favorable
5.5,77.33,12.44,77.82,66.02,27.3,1752.46,loam,non_favorable
7.77,80.52,36.08,32.17,21.84,27.69,1404.8,loam,non_favorable
5.3,76.83,25.81,91.76,92.39,56.62,2048.31,sandy,non_favorable
8.39,65.18,14.83,12.85,55.85,39.82,749.35,loam,favorable
6.08,20.94,24.78,9.32,47.4,38.01,1489.33,sandy,non_favorable
7.27,55.57,24.81,68.75,96.06,108.03,1099.47,sandy,favorable
5.95,53.05,14.83,12.12,16.9,108.4,886.88,clay,favorable
6.77,28.8,17.93,55.34,55.53,65.12,517.49,sandy,non_favorable
8.63,45.99,34.78,83.07,11.02,77.55,869.3,loam,favorable
4.93,69.27,19.09,88.23,80.5,109.23,1946.56,loam,non_favorable
4.87,68.09,39.34,40.68,80.45,81.15,457.9,loam,non_favorable
5.89,45.13,35.33,98.52,82.06,100.33,1677.55,sandy,non_favorable
7.41,48.87,21.58,46.7,25.73,29.63,2095.34,sandy,favorable
5.36,95.0,14.96,39.02,95.63,63.38,1279.54,silty,non_favorable
7.48,85.11,29.78,73.68,22.74,25.8,1585.69,sandy,favorable
7.75,18.5,21.66,87.75,116.5,75.22,1704.78,clay,non_favorable
5.55,34.13,40.9,95.2,108.96,27.31,1556.61,silty,non_favorable
6.58,37.54,22.22,65.66,116.12,98.94,1802.52,silty,favorable
8.43,19.17,25.38,47.69,112.44,86.81,1231.82,clay,non_favorable
5.78,76.05,18.73,109.11,21.95,55.31,2092.83,sandy,non_favorable
8.18,85.77,39.78,52.71,50.59,48.01,972.33,clay,non_favorable
6.19,17.26,39.79,101.51,79.75,96.01,475.2,sandy,non_favorable
8.63,52.8,36.6,92.27,58.95,75.77,2011.71,loam,non_favorable
5.65,81.8,27.56,88.63,65.69,17.79,776.2,sandy,favorable
5.05,34.08,30.45,76.62,12.22,101.22,1199.66,loam,favorable
7.34,61.0,32.99,38.5,5.18,45.57,1341.33,sandy,favorable
7.49,21.85,41.19,12.78,65.5,63.34,2176.66,clay,non_favorable
6.26,52.61,30.34,117.82,34.17,6.87,1777.04,sandy,favorable
5.59,67.57,13.32,71.92,92.02,20.34,904.6,loam,favorable
8.16,29.01,34.93,58.43,84.97,77.65,1823.0,loam,non_favorable
7.72,90.49,11.18,28.18,95.98,106.87,831.19,sandy,non_favorable
6.82,94.13,27.38,34.13,91.63,26.98,913.95,loam,favorable
8.4,41.55,13.98,47.32,107.29,90.48,1989.27,sandy,non_favorable
6.03,29.95,32.15,47.24,96.69,35.67,365.22,silty,favorable
4.86,63.2,36.31,67.73,41.94,14.21,1521.84,silty,favorable
6.51,72.41,15.33,56.05,56.42,88.58,2023.21,loam,favorable
5.74,93.4,40.33,13.63,78.31,46.78,1802.19,silty,non_favorable
8.79,26.42,29.44,94.85,9.0,12.73,1757.03,clay,non_favorable
6.13,90.96,11.04,22.65,56.74,47.66,1087.88,loam,non_favorable
7.08,57.36,22.74,79.7,33.71,18.05,1671.35,sandy,favorable
6.83,88.08,13.77,94.12,85.96,29.68,1423.75,silty,favorable
5.4,25.86,12.37,24.86,87.04,119.69,1821.03,silty,non_favorable
7.51,71.76,27.6,38.39,39.5,23.11,1619.13,loam,favorable
8.07,55.7,13.88,28.11,20.97,95.89,252.57,clay,non_favorable
6.6,93.64,14.15,106.69,12.56,50.79,1633.87,loam,non_favorable
6.87,76.53,36.35,13.48,116.82,78.87,1099.95,silty,favorable
5.08,81.32,27.64,72.6,93.29,19.84,1205.73,loam,favorable
8.24,56.45,19.73,23.63,112.49,30.93,2094.97,sandy,non_favorable
8.31,35.05,30.32,68.35,19.39,39.82,1266.96,loam,favorable
7.16,61.45,15.48,76.82,108.73,43.83,2047.86,clay,favorable
8.21,17.27,11.45,78.77,71.33,79.88,1733.92,sandy,non_favorable
7.28,17.42,38.45,67.74,78.82,39.74,689.76,silty,non_favorable
5.84,20.84,11.92,55.55,60.69,28.46,1413.32,silty,non_favorable
8.38,40.55,41.62,44.72,50.85,92.48,1229.96,loam,non_favorable
5.94,52.32,18.56,33.51,16.13,38.37,968.3,sandy,favorable
5.62,84.22,15.11,42.66,71.43,40.96,1726.24,silty,non_favorable
8.98,52.35,38.13,62.2,15.36,50.22,1114.46,silty,non_favorable
5.47,43.23,11.62,61.91,106.47,80.24,1141.17,clay,non_favorable
8.31,49.47,38.24,88.66,92.84,47.08,1001.16,sandy,non_favorable
6.13,38.09,22.36,56.79,68.23,99.91,1446.48,clay,favorable
5.08,22.73,21.94,118.48,69.15,47.04,488.53,sandy,non_favorable
6.75,18.62,14.39,43.3,59.48,57.55,1412.52,silty,favorable
5.98,64.05,15.2,118.92,90.02,39.41,872.75,clay,favorable
7.69,38.98,36.1,47.36,82.49,117.69,1367.4,silty,favorable
7.19,36.24,30.98,116.79,71.52,31.17,302.71,sandy,favorable
5.27,65.32,29.83,101.73,21.99,83.28,263.14,silty,favorable
5.36,50.28,23.4,52.49,28.45,62.71,1422.96,sandy,favorable
8.43,73.87,11.99,20.88,28.84,42.38,1524.45,silty,non_favorable
5.91,28.85,39.19,44.37,45.74,93.78,1641.85,silty,non_favorable
7.25,30.38,17.89,69.18,30.86,116.88,795.23,loam,favorable
7.67,70.22,25.65,60.18,69.46,112.47,1643.33,loam,favorable
5.05,69.13,22.15,117.72,99.11,114.78,1809.23,loam,non_favorable
4.69,91.43,12.53,111.26,80.44,90.94,627.97,loam,non_favorable
8.7,70.69,14.39,75.8,72.49,32.88,1539.67,loam,favorable
7.37,19.2,23.23,87.5,16.56,93.64,210.36,clay,non_favorable
6.33,89.8,38.11,59.91,27.94,115.85,842.34,clay,non_favorable
8.59,22.16,28.37,66.54,88.16,112.72,2026.46,sandy,non_favorable
6.38,82.01,39.89,9.18,101.16,95.62,572.62,clay,non_favorable
8.45,15.74,28.17,17.34,118.04,37.72,2178.2,loam,non_favorable
8.5,25.74,26.13,36.38,98.01,43.03,1662.24,silty,non_favorable
7.73,16.13,20.79,38.93,82.56,27.21,1421.91,loam,favorable
8.22,56.22,12.78,81.96,26.25,21.17,847.2,silty,favorable
4.53,45.69,24.3,35.7,42.91,71.98,1345.75,clay,favorable
7.44,70.42,11.99,18.6,40.28,51.62,1205.04,loam,favorable
7.61,66.1,40.1,47.27,30.4,115.1,1156.36,loam,favorable
7.86,63.46,23.31,68.16,59.15,66.81,1528.19,silty,favorable
7.93,69.43,29.07,95.55,65.43,65.74,923.57,clay,favorable
4.78,58.81,26.18,70.86,22.23,42.73,1240.68,sandy,favorable
7.56,72.35,25.64,108.37,56.23,11.4,463.89,sandy,favorable
6.56,19.62,24.8,97.8,88.18,50.53,1832.91,silty,favorable
7.1,18.62,21.02,12.33,119.32,112.48,338.04,clay,non_favorable
4.64,47.71,34.61,93.07,117.51,79.28,1040.72,silty,non_favorable
6.52,88.37,22.08,14.23,115.88,105.57,465.98,silty,favorable
5.03,94.43,22.58,19.64,117.55,101.0,1712.36,loam,non_favorable
6.58,72.53,23.57,48.62,31.41,57.97,510.24,loam,favorable
8.72,73.0,13.61,98.09,53.21,93.1,1967.51,clay,non_favorable
5.58,20.38,29.01,56.34,82.28,105.3,689.47,sandy,non_favorable
6.31,33.75,16.95,104.33,11.49,62.95,778.53,sandy,favorable
7.1,76.8,36.19,32.24,105.77,118.35,1242.5,loam,favorable
5.85,19.88,40.35,106.17,109.83,76.99,1054.4,silty,non_favorable
4.71,42.55,30.59,48.83,65.31,85.08,1016.52,silty,favorable
6.19,75.35,25.15,102.67,39.58,86.37,1811.55,loam,favorable
7.03,92.42,27.83,20.42,32.93,28.38,1493.41,sandy,non_favorable
8.31,22.4,33.19,26.91,35.87,82.47,1405.84,silty,non_favorable
5.35,75.94,33.18,69.27,60.13,104.99,865.93,sandy,non_favorable
5.45,30.2,33.73,90.89,91.75,110.16,1591.25,sandy,non_favorable
6.28,34.15,20.29,37.55,58.62,79.6,816.84,clay,favorable
6.81,54.78,13.16,117.85,58.99,101.57,2028.66,loam,favorable
5.91,18.66,37.65,90.24,6.87,68.63,1368.06,loam,non_favorable
5.83,30.7,17.36,70.53,33.26,68.32,2086.93,silty,non_favorable
5.66,80.73,40.93,78.79,61.42,24.35,1789.95,loam,non_favorable
5.13,58.72,15.89,107.28,118.89,115.08,1247.89,clay,non_favorable
8.75,68.46,34.46,52.43,101.89,31.61,1614.34,sandy,non_favorable
5.48,51.48,11.93,78.34,112.4,109.97,1518.57,sandy,non_favorable
4.53,59.13,10.38,65.88,36.6,117.41,234.29,sandy,non_favorable
8.13,87.78,13.42,16.08,22.12,27.07,1252.91,silty,non_favorable
5.7,46.75,21.94,51.69,69.98,118.88,651.71,loam,favorable
7.44,83.66,34.31,15.75,48.62,68.56,312.23,sandy,non_favorable
7.66,21.61,37.05,79.16,43.1,117.39,2147.68,sandy,non_favorable
5.53,87.1,32.15,70.18,36.18,111.28,1568.86,sandy,non_favorable
8.55,60.08,11.05,111.81,41.17,115.57,1374.07,loam,non_favorable
8.68,38.94,28.05,70.17,102.69,82.86,1281.12,silty,non_favorable
7.9,26.2,41.63,88.28,62.59,117.05,307.39,silty,non_favorable
5.54,21.08,29.37,75.59,73.49,116.43,852.75,silty,non_favorable
8.03,51.04,17.3,68.6,48.17,26.36,1371.75,loam,favorable
4.89,64.49,35.54,87.01,14.43,22.74,1623.35,silty,non_favorable
7.83,40.33,13.41,5.6,40.45,46.39,739.53,clay,non_favorable
4.89,49.48,27.82,63.93,16.88,15.31,1308.44,clay,non_favorable
8.39,15.99,23.24,94.6,88.36,69.35,2185.46,loam,non_favorable
7.07,28.57,22.18,20.97,39.63,61.71,326.53,clay,non_favorable
5.74,38.98,35.05,46.53,113.59,87.9,1191.6,silty,favorable
6.56,25.84,10.22,50.5,101.79,48.69,1924.4,clay,non_favorable
6.01,80.24,37.5,117.04,20.65,41.88,2094.56,silty,favorable
6.66,29.21,22.74,41.7,89.51,77.78,2135.53,clay,non_favorable
5.97,37.42,35.15,46.98,112.19,27.98,2194.53,clay,non_favorable
7.57,59.01,40.5,58.09,86.46,55.42,782.66,clay,non_favorable
8.19,78.65,23.09,62.42,77.83,32.83,1517.33,sandy,non_favorable
8.05,20.92,41.7,60.11,51.09,63.26,2040.78,silty,non_favorable
6.95,78.26,21.5,107.98,66.74,78.39,369.96,silty,favorable
7.46,43.4,30.7,10.09,118.11,82.91,999.24,clay,favorable
8.85,49.44,10.34,34.75,63.73,64.66,1361.04,loam,non_favorable
6.51,46.29,34.71,72.69,62.55,44.67,249.13,clay,favorable
5.83,88.64,12.75,100.6,88.97,45.06,886.13,sandy,non_favorable
6.85,42.86,13.12,88.03,57.03,12.73,289.37,clay,favorable
4.6,42.45,13.5,97.01,111.94,90.16,1231.99,sandy,non_favorable
5.99,49.11,24.79,96.74,77.42,26.43,1514.62,clay,favorable
4.63,64.13,16.31,73.1,49.72,86.04,611.57,silty,favorable
7.1,78.96,27.18,47.07,27.66,18.1,1541.4,sandy,favorable
6.87,66.13,29.1,75.3,72.51,45.01,1891.04,silty,favorable
8.16,71.48,19.52,75.67,14.75,20.4,435.72,clay,non_favorable
5.03,44.86,14.52,49.67,73.59,71.1,1046.08,loam,favorable
7.36,70.47,30.65,119.99,68.81,61.31,480.59,silty,favorable
8.29,64.55,37.7,114.46,60.73,27.44,967.89,loam,favorable
6.34,54.34,32.72,56.04,24.23,70.02,1791.76,silty,favorable
5.81,36.99,27.2,24.34,57.59,90.39,1731.84,clay,non_favorable
7.08,36.43,27.38,118.95,67.33,92.03,1720.01,sandy,non_favorable
6.96,94.18,13.28,100.46,91.4,39.24,2198.63,silty,non_favorable
5.68,83.98,12.78,104.51,18.5,98.37,619.76,silty,favorable
8.37,63.82,23.7,75.86,95.26,98.56,1810.88,loam,non_favorable
6.9,62.75,15.39,117.59,38.65,70.86,2104.79,loam,favorable
5.11,75.01,23.17,11.82,36.89,80.43,1602.85,sandy,non_favorable
5.62,71.91,36.51,92.57,82.77,61.29,1354.85,clay,favorable
7.33,45.01,12.42,96.38,93.42,51.33,1699.6,loam,favorable
6.55,54.04,28.62,104.92,102.42,15.71,2144.3,loam,favorable
8.33,78.65,22.73,116.33,99.86,61.89,845.73,loam,non_favorable
6.02,61.23,28.12,60.81,44.53,83.49,296.82,loam,favorable
7.32,81.94,10.52,111.88,23.17,57.5,2183.68,sandy,non_favorable
5.41,70.09,14.22,79.75,23.28,112.26,748.04,silty,favorable
5.63,44.75,38.92,24.04,50.58,40.13,1598.88,loam,favorable
6.43,22.3,13.05,29.54,13.96,73.27,1238.89,clay,non_favorable
4.54,70.65,36.15,118.64,53.57,20.2,341.66,silty,non_favorable
4.9,79.48,13.3,47.27,39.41,49.01,1826.74,silty,non_favorable
7.39,69.17,12.19,69.78,75.19,23.87,902.38,clay,favorable
7.33,27.11,23.17,83.96,103.9,14.97,400.93,clay,non_favorable
7.15,45.72,40.82,41.17,21.08,36.85,368.5,sandy,non_favorable
8.01,70.24,37.13,80.72,39.69,64.54,1219.05,loam,favorable
5.83,19.37,38.73,114.79,61.91,17.97,1199.17,silty,non_favorable
6.88,93.22,41.58,112.4,20.18,103.99,1336.76,sandy,non_favorable
6.96,28.82,25.07,118.55,13.39,72.55,227.59,loam,favorable
4.68,19.84,35.26,63.26,77.29,62.62,1030.86,clay,non_favorable
4.87,57.93,29.71,36.91,40.64,63.8,606.39,silty,favorable
6.91,46.26,30.3,100.97,83.32,12.6,1597.35,clay,favorable
4.76,21.9,23.9,57.14,75.02,40.57,1683.39,clay,non_favorable
5.04,71.63,32.45,23.84,114.6,65.15,1765.97,clay,non_favorable
5.25,25.15,35.0,35.91,106.94,93.71,258.71,loam,non_favorable
5.72,20.11,32.79,71.31,13.86,57.35,920.25,silty,favorable
8.37,28.35,15.03,93.93,107.84,82.52,430.67,silty,non_favorable
4.7,84.03,17.83,59.25,49.04,22.26,2062.32,sandy,non_favorable
6.99,88.12,33.7,53.23,42.01,52.87,1640.58,sandy,non_favorable
8.22,60.72,13.82,82.43,11.06,30.67,1231.55,loam,favorable
8.79,20.51,24.88,37.47,102.16,42.64,1306.18,sandy,non_favorable
6.16,38.33,35.1,90.05,32.9,47.35,2143.72,sandy,non_favorable
7.8,58.72,35.47,22.32,112.23,7.75,1283.09,clay,favorable
8.78,15.12,31.03,102.64,88.63,16.95,1259.63,sandy,non_favorable
6.39,91.89,41.12,21.37,37.18,10.05,662.95,clay,non_favorable
7.65,44.8,41.19,14.76,15.99,20.35,1839.93,silty,non_favorable
7.16,19.98,31.2,20.03,38.54,102.86,2052.08,sandy,non_favorable
7.65,73.83,20.18,36.27,13.59,28.31,1759.87,silty,favorable
5.2,28.15,24.91,51.75,66.63,115.93,615.27,sandy,non_favorable
6.59,83.2,12.89,97.87,39.98,86.04,1406.6,loam,favorable
8.26,41.22,12.92,33.55,45.91,64.05,1554.37,clay,non_favorable
8.19,28.91,40.47,103.28,68.93,68.26,389.45,loam,non_favorable
8.12,26.18,10.38,100.49,118.0,20.03,1847.35,sandy,non_favorable
7.59,90.01,12.69,72.4,110.5,13.62,2194.32,loam,non_favorable
8.56,50.47,14.12,109.08,100.38,43.13,285.39,clay,non_favorable
4.73,88.93,23.86,88.31,62.05,49.01,1053.33,silty,non_favorable
5.47,29.97,18.96,106.59,8.98,76.21,691.57,loam,non_favorable
6.75,85.62,25.33,15.09,49.05,53.21,1485.31,loam,favorable
7.34,79.17,35.44,118.78,94.92,46.3,1289.04,clay,non_favorable
6.05,60.25,20.29,36.1,8.0,73.67,258.61,silty,favorable
4.76,94.32,26.94,93.19,119.95,117.01,400.27,loam,non_favorable
5.7,80.3,39.35,11.43,119.59,30.23,1893.01,clay,non_favorable
6.1,82.14,37.05,25.25,73.14,97.71,1595.25,silty,favorable
7.67,43.13,28.16,21.34,114.06,101.22,1820.8,sandy,favorable
6.94,29.04,11.21,11.46,74.19,7.29,1155.98,silty,non_favorable
8.63,31.12,14.18,87.45,110.66,102.09,847.18,loam,non_favorable
5.16,71.38,14.53,17.76,65.52,46.96,345.06,sandy,non_favorable
7.14,41.92,20.32,117.22,89.22,55.24,1478.53,silty,favorable
7.42,28.94,41.0,84.76,111.82,95.5,646.47,silty,non_favorable
6.2,73.72,19.42,25.44,5.21,85.73,1345.67,clay,favorable
5.32,40.46,35.88,75.31,78.56,16.97,1192.37,sandy,non_favorable
7.85,34.04,41.44,24.31,106.81,15.2,1617.93,loam,non_favorable
6.51,36.22,17.99,12.8,34.52,17.42,202.56,loam,non_favorable
6.47,48.57,15.32,52.61,106.4,45.39,950.7,silty,favorable
8.05,61.24,34.26,30.94,56.9,96.91,266.83,silty,non_favorable
5.93,91.13,12.37,24.56,48.18,89.18,1294.09,sandy,non_favorable
6.02,93.82,38.58,86.02,54.6,80.17,1414.64,sandy,non_favorable
5.21,23.1,16.58,26.85,85.18,88.03,1659.95,silty,non_favorable
7.47,38.79,13.07,50.18,68.21,61.46,309.01,loam,favorable
6.42,38.56,31.18,74.02,27.96,7.96,541.66,sandy,favorable
8.9,52.89,13.7,95.26,59.16,107.91,730.01,loam,non_favorable
5.33,85.84,21.82,56.26,35.28,58.48,652.48,silty,non_favorable
7.04,27.09,32.29,16.12,81.84,97.94,1027.97,loam,favorable
6.99,82.26,36.19,53.14,66.58,104.69,1149.65,clay,favorable
6.64,21.32,38.89,87.15,62.74,108.55,1800.9,clay,non_favorable
5.04,75.58,15.53,118.2,116.8,97.97,452.37,clay,non_favorable
4.85,69.65,16.46,99.59,22.01,73.43,839.5,silty,favorable
4.89,59.51,27.67,103.51,64.76,110.47,224.73,sandy,non_favorable
5.01,26.97,28.13,72.01,115.96,16.52,411.27,silty,non_favorable
8.04,84.4,38.16,105.96,35.38,80.3,1344.05,sandy,non_favorable
4.67,37.03,14.6,75.0,84.77,9.46,1979.15,silty,non_favorable
7.61,18.94,25.21,35.89,47.83,43.85,1787.3,loam,non_favorable
5.76,54.33,32.28,16.29,104.92,20.45,2148.44,loam,favorable
7.98,40.67,33.32,74.57,15.27,55.8,2026.87,silty,favorable
7.83,75.76,37.75,99.42,64.26,23.28,822.25,silty,favorable
5.11,83.1,38.14,8.33,27.17,100.79,1873.95,silty,non_favorable
4.65,19.04,21.53,27.9,47.36,58.39,993.88,clay,non_favorable
7.57,34.36,25.64,56.3,115.46,59.58,1302.67,sandy,favorable
5.24,86.56,33.97,84.22,37.78,49.46,525.81,loam,non_favorable
8.36,66.79,31.69,35.94,52.09,7.31,1760.61,clay,non_favorable
6.63,25.59,15.54,97.1,30.73,74.96,2086.01,sandy,non_favorable
6.41,45.12,21.16,33.98,58.67,82.88,1848.62,loam,favorable
7.13,15.59,41.98,116.15,101.53,69.57,1387.55,silty,non_favorable
5.84,23.65,12.04,118.66,78.67,104.07,722.29,loam,non_favorable
5.35,56.38,17.69,11.53,103.59,98.15,1008.2,loam,favorable
7.56,72.7,30.97,119.71,34.83,53.14,976.55,loam,favorable
7.12,94.58,36.11,44.46,87.04,83.93,1476.63,sandy,non_favorable
8.58,68.75,26.23,102.22,101.67,105.8,562.27,silty,non_favorable
6.62,74.27,33.21,69.29,109.95,113.9,1999.18,sandy,non_favorable
5.5,32.87,37.89,53.35,106.99,47.74,1371.14,sandy,non_favorable
8.33,52.64,37.72,72.11,113.59,13.19,1978.85,silty,non_favorable
8.4,45.53,19.55,11.22,103.24,20.8,600.59,sandy,favorable
8.94,86.43,41.57,21.47,104.18,25.74,361.62,silty,non_favorable
7.34,29.15,30.3,5.54,36.46,92.54,537.21,loam,favorable
6.7,76.09,12.82,75.67,77.85,51.39,2130.66,clay,non_favorable
4.52,57.7,33.38,114.26,107.58,92.04,1262.07,silty,non_favorable
7.55,65.13,17.96,84.76,44.6,19.83,967.1,sandy,favorable
5.25,80.91,19.54,38.45,88.7,73.58,875.67,loam,favorable
6.04,87.11,21.5,26.67,114.03,110.59,1006.78,clay,favorable
5.51,93.79,16.76,7.52,63.03,19.16,1622.22,clay,non_favorable
6.19,66.23,34.68,76.66,73.3,10.52,416.23,sandy,favorable
4.72,24.26,24.22,19.21,34.06,85.71,610.99,sandy,non_favorable
5.86,67.93,31.2,36.05,74.65,20.77,1861.31,sandy,favorable
6.8,64.42,19.05,95.25,62.24,75.04,1755.92,sandy,favorable
6.11,47.78,15.13,68.04,109.69,84.14,1161.33,clay,favorable
4.51,68.73,39.02,101.05,81.94,22.15,380.17,clay,non_favorable
7.76,23.1,18.19,31.58,118.7,39.04,1128.55,sandy,non_favorable
8.16,84.93,37.27,46.42,82.83,53.99,431.8,sandy,non_favorable
4.54,26.07,30.71,42.8,107.87,114.84,736.62,sandy,non_favorable
6.18,42.42,13.64,51.03,57.5,101.11,1579.8,sandy,favorable
8.1,66.91,35.5,18.0,85.06,11.74,2084.93,silty,non_favorable
4.97,87.9,25.45,70.43,55.39,75.3,1758.33,clay,non_favorable
8.38,85.4,33.27,107.55,60.55,61.13,1975.19,sandy,non_favorable
4.71,35.93,20.06,86.03,82.96,93.27,1353.3,silty,non_favorable
8.9,68.59,20.83,65.16,85.57,15.95,1523.43,clay,favorable
6.67,68.1,30.52,22.1,100.04,107.59,1425.83,clay,favorable
7.4,27.55,37.16,102.97,104.98,13.61,1183.3,sandy,non_favorable
5.99,37.25,26.22,68.31,48.54,98.97,357.66,clay,non_favorable
8.11,50.85,37.41,56.41,18.65,62.2,1506.75,silty,favorable
6.32,17.87,27.57,99.98,96.06,115.76,1475.08,sandy,non_favorable
7.45,51.5,20.91,99.91,98.91,102.1,863.95,clay,favorable
7.72,44.06,24.48,16.21,80.77,5.25,910.28,silty,favorable
6.96,44.91,13.4,108.14,61.63,99.51,1685.02,loam,favorable
4.98,63.87,16.0,111.97,50.18,57.56,1762.84,silty,non_favorable
4.98,48.16,39.65,101.31,72.71,93.8,1101.01,loam,non_favorable
8.84,15.35,33.56,68.62,54.77,72.29,2048.74,clay,non_favorable
7.61,28.89,36.09,16.91,80.62,74.71,843.69,clay,non_favorable
6.38,63.72,32.16,33.55,50.76,44.43,788.35,silty,favorable
5.12,63.2,38.37,63.91,101.95,68.0,827.82,clay,non_favorable
5.4,64.93,19.3,44.71,82.32,117.85,1500.17,clay,favorable
6.77,70.54,20.32,18.27,45.51,60.24,1341.28,clay,favorable
7.53,86.51,27.08,105.91,53.57,6.47,412.94,silty,non_favorable
5.15,68.62,16.4,91.27,23.51,37.96,701.12,silty,favorable
7.61,38.61,34.12,8.72,98.61,16.79,1936.07,sandy,non_favorable
7.84,59.9,17.6,95.2,96.86,38.08,1528.99,clay,favorable
6.24,91.54,41.23,40.96,68.49,6.49,702.68,silty,non_favorable
8.23,87.92,32.55,79.48,91.84,67.86,1406.77,silty,non_favorable
5.82,29.19,31.85,26.5,24.99,64.09,954.4,clay,non_favorable
5.76,36.14,15.15,102.29,5.65,58.63,2074.99,silty,non_favorable
5.19,40.81,11.63,112.22,75.79,81.12,1181.1,sandy,non_favorable
4.83,71.61,26.81,115.05,64.87,95.42,518.74,loam,favorable
4.91,32.7,16.83,43.17,46.49,30.12,1705.31,silty,non_favorable
8.98,80.9,41.4,6.01,81.93,56.25,2008.99,silty,non_favorable
8.82,69.6,20.27,110.33,113.67,49.38,1280.47,clay,non_favorable
4.61,56.35,34.66,64.15,63.5,60.98,792.87,loam,favorable
5.94,21.59,13.07,116.74,93.93,66.32,1453.87,clay,non_favorable
7.52,76.89,37.68,53.78,16.95,66.84,1605.49,clay,non_favorable
7.41,90.18,33.9,22.68,57.81,43.15,375.04,silty,non_favorable
5.3,35.15,12.25,99.49,109.76,51.88,1102.25,sandy,non_favorable
6.45,16.35,31.55,66.51,78.76,76.11,1711.92,silty,favorable
7.65,20.81,39.7,17.21,95.49,39.66,373.01,sandy,non_favorable
6.22,80.77,10.99,22.98,30.28,90.88,1793.54,silty,non_favorable
8.82,26.53,31.67,110.13,96.43,88.87,946.26,loam,non_favorable
6.99,59.41,13.94,5.58,73.62,66.77,2093.96,sandy,favorable
5.45,74.31,33.23,29.35,109.15,102.92,484.91,loam,non_favorable
5.49,81.78,16.22,25.86,96.96,103.01,1902.78,clay,non_favorable
7.4,20.85,31.49,33.83,27.7,71.77,2103.08,silty,favorable
5.08,67.44,13.2,76.24,108.51,41.55,1101.29,loam,favorable
7.62,27.19,28.14,97.89,115.25,24.39,826.43,loam,favorable
7.7,66.27,18.85,46.34,83.15,43.13,1159.91,clay,favorable
6.11,39.44,27.65,25.21,74.76,101.81,1917.43,silty,favorable
8.51,30.71,33.47,77.06,88.65,107.59,1899.17,clay,non_favorable
8.16,61.31,34.61,29.47,9.22,34.97,1987.97,sandy,non_favorable
7.44,26.89,22.56,107.52,72.8,103.57,467.76,silty,non_favorable
6.29,55.17,31.21,102.52,97.75,75.61,531.69,sandy,favorable
6.51,29.33,40.36,80.83,116.29,89.63,1167.01,clay,non_favorable
4.68,75.92,17.42,35.4,31.91,81.89,1235.77,loam,non_favorable
6.25,88.43,38.21,9.59,79.58,16.87,2136.88,loam,non_favorable
8.26,36.07,27.42,24.99,80.17,47.01,1506.67,loam,favorable
6.82,45.11,39.03,64.38,45.58,104.79,1173.72,sandy,favorable
8.49,15.53,38.23,55.59,31.45,64.17,761.62,silty,non_favorable
5.34,43.98,32.95,18.61,31.49,98.28,1640.51,clay,non_favorable
7.54,53.32,28.91,79.43,52.25,33.02,455.77,silty,favorable
5.11,56.01,38.51,21.89,24.13,111.08,1233.28,clay,non_favorable
7.2,60.09,10.6,87.75,81.1,37.6,371.5,silty,favorable
7.23,52.71,25.41,30.23,52.24,21.41,1365.29,silty,favorable
7.3,55.86,15.37,83.84,111.07,73.6,337.69,clay,non_favorable
6.23,23.69,16.48,103.85,63.0,53.28,499.12,silty,non_favorable
5.3,87.13,29.19,105.94,66.11,91.52,386.38,sandy,non_favorable
8.56,58.14,10.04,112.84,83.03,54.62,1041.37,clay,non_favorable
7.64,49.32,40.03,60.44,93.4,45.31,1809.24,sandy,non_favorable
6.41,35.36,34.51,109.66,14.64,73.8,1287.46,sandy,favorable
5.35,71.73,35.26,71.47,18.55,5.83,1509.09,loam,non_favorable
6.34,23.53,23.63,72.32,35.05,66.65,1329.34,loam,favorable
8.96,46.8,16.52,68.49,69.12,25.55,1318.19,loam,favorable
5.64,39.53,21.02,86.13,89.61,103.32,1518.57,silty,favorable
6.51,70.94,15.18,29.66,51.06,43.92,1301.15,clay,favorable
5.22,92.17,10.17,15.48,21.71,111.47,1070.75,sandy,non_favorable
5.68,44.67,29.49,88.32,112.03,51.07,1512.35,sandy,favorable
7.7,62.8,40.26,99.33,78.63,55.48,603.41,loam,favorable
5.38,77.72,26.34,85.32,75.75,82.51,919.48,loam,favorable
8.89,21.95,18.83,50.93,82.01,51.63,600.62,sandy,non_favorable
7.82,20.49,12.89,37.72,100.42,110.23,896.19,sandy,non_favorable
5.52,92.04,24.55,51.45,5.53,25.13,1212.48,loam,non_favorable
6.76,42.2,13.74,64.03,34.63,66.86,1786.78,sandy,favorable
7.62,92.28,28.02,93.55,92.11,115.54,1117.7,loam,non_favorable
8.53,83.96,25.42,34.65,49.01,95.7,640.76,silty,favorable
8.1,47.99,21.3,66.6,85.59,35.29,774.58,clay,favorable
7.53,80.69,12.43,112.11,59.8,45.66,1988.63,silty,non_favorable
5.32,74.69,39.77,26.87,89.77,32.01,684.11,loam,non_favorable
5.43,31.22,17.99,76.14,22.94,17.27,2040.38,loam,non_favorable
7.26,76.14,27.33,9.86,60.46,76.38,1184.68,silty,favorable
6.71,93.75,39.31,37.23,30.54,71.32,308.3,loam,non_favorable
6.65,58.26,26.08,50.28,83.93,25.1,2153.01,silty,favorable
5.92,15.67,31.57,48.63,16.59,46.58,1923.68,silty,non_favorable
6.97,33.97,25.08,75.5,47.08,62.36,621.06,clay,favorable
6.14,47.05,24.42,70.71,117.62,83.89,1828.38,loam,favorable
8.12,59.43,37.4,27.55,97.0,89.93,1145.97,loam,favorable
5.29,54.97,41.86,102.68,64.46,87.86,1770.67,sandy,non_favorable
5.63,83.68,11.53,16.38,23.78,29.78,708.58,loam,non_favorable
6.52,41.77,21.55,69.44,112.16,34.64,239.67,sandy,favorable
6.08,69.37,29.38,71.34,79.73,66.92,2158.75,sandy,favorable
6.1,68.86,25.6,89.7,107.31,48.82,773.05,loam,favorable
8.41,66.25,39.71,53.51,75.42,51.55,2014.15,clay,non_favorable
5.23,33.26,20.14,38.51,35.76,79.13,742.5,sandy,non_favorable
8.01,90.1,33.93,64.91,56.78,24.24,1908.42,silty,non_favorable
7.77,67.96,40.09,85.58,14.21,24.19,406.02,clay,non_favorable
8.72,52.85,11.72,93.66,65.26,119.54,407.86,sandy,non_favorable
4.88,89.53,22.48,31.38,89.82,55.96,452.82,clay,non_favorable
4.63,68.08,37.53,42.4,59.76,117.12,1281.17,clay,non_favorable
6.97,25.81,40.35,67.02,72.95,57.5,1697.82,loam,non_favorable
6.86,66.16,19.91,44.92,67.06,97.54,1083.72,silty,favorable
6.35,27.46,10.34,65.18,92.2,20.67,773.52,loam,non_favorable
7.59,54.35,34.18,39.46,93.07,96.77,1394.01,sandy,favorable
6.97,30.09,38.23,55.27,33.74,87.22,1491.98,sandy,non_favorable
5.49,21.34,30.01,64.41,97.0,75.52,1587.85,silty,non_favorable
5.78,74.43,35.88,52.48,103.15,25.98,779.19,loam,favorable
7.28,36.77,29.93,26.6,7.23,10.71,1269.94,silty,favorable
8.88,37.57,14.0,55.42,5.94,15.37,229.45,clay,non_favorable
6.04,39.93,35.58,119.77,58.32,96.01,860.5,clay,non_favorable
4.75,77.05,12.28,59.07,27.1,101.78,1834.5,clay,non_favorable
5.05,76.45,17.97,93.69,55.94,89.83,267.02,sandy,non_favorable
7.81,22.52,31.31,28.97,49.75,115.54,2072.43,silty,non_favorable
7.33,18.37,40.0,64.91,34.13,78.43,597.45,clay,non_favorable
8.39,32.42,13.61,77.78,42.32,24.25,752.2,sandy,non_favorable
6.28,34.45,41.0,71.82,84.44,84.17,509.98,sandy,non_favorable
5.62,54.99,31.95,43.92,116.51,92.35,320.1,sandy,favorable
7.4,71.11,35.33,19.47,31.76,117.89,1777.12,loam,favorable
8.12,50.1,16.17,84.26,46.19,20.49,1997.33,loam,non_favorable
7.68,59.72,27.37,61.36,70.17,67.52,847.36,silty,favorable
5.74,81.51,39.26,68.77,12.92,22.83,791.35,silty,non_favorable
6.94,51.33,34.83,63.19,89.37,106.54,1439.47,loam,favorable
7.99,34.1,33.07,80.7,66.98,49.56,1248.14,loam,favorable
7.95,27.33,19.06,52.13,42.03,16.07,1517.78,silty,favorable
8.26,25.38,37.95,28.24,60.82,16.36,1342.02,sandy,non_favorable
7.46,57.07,32.44,34.43,47.13,74.68,341.75,silty,favorable
7.45,89.27,36.63,58.83,78.48,46.51,1686.95,clay,non_favorable
8.2,78.54,11.87,75.95,65.84,89.44,1868.91,silty,non_favorable
8.75,91.85,13.11,88.39,66.14,26.79,1252.38,sandy,non_favorable
7.07,90.8,27.87,69.19,90.8,93.12,1353.13,clay,favorable
7.66,49.17,13.33,96.13,68.25,63.04,1515.06,silty,favorable
8.7,87.2,27.6,119.64,102.16,52.42,1466.48,silty,non_favorable
7.24,60.05,16.85,93.06,111.51,34.22,2123.3,loam,favorable
8.82,15.02,11.11,37.72,6.87,20.53,1980.65,silty,non_favorable
5.85,32.75,37.38,7.5,99.52,84.32,751.91,sandy,non_favorable
4.92,51.83,15.0,35.47,107.31,33.73,712.49,clay,non_favorable
4.91,46.98,39.37,89.44,88.21,96.18,545.8,loam,non_favorable
7.18,39.03,33.39,71.27,14.02,11.43,1741.8,sandy,non_favorable
8.46,49.74,39.77,18.86,93.59,90.98,1898.96,loam,non_favorable
7.35,65.58,11.73,65.3,41.72,69.96,853.66,sandy,favorable
5.19,68.89,41.92,116.67,91.58,71.15,380.17,clay,non_favorable
5.8,46.55,14.23,14.49,70.72,10.67,998.38,silty,favorable
6.29,49.76,32.33,92.63,60.31,27.78,990.64,sandy,favorable
7.03,94.77,26.78,32.87,35.62,54.46,1569.48,clay,favorable
5.01,48.09,21.69,26.91,44.62,80.37,1739.36,sandy,non_favorable
8.94,64.3,41.69,55.85,21.77,10.16,1836.34,clay,non_favorable
7.58,27.48,33.31,14.87,90.05,32.95,1442.0,clay,non_favorable
8.41,80.61,10.44,84.79,17.8,56.76,245.5,clay,non_favorable
7.83,31.95,27.49,91.29,68.11,76.65,2184.6,clay,non_favorable
6.19,87.48,26.86,34.38,11.91,28.08,1593.05,sandy,non_favorable
4.74,67.38,10.27,49.69,36.2,102.99,1520.2,loam,non_favorable
4.59,84.39,30.78,31.58,48.78,117.31,399.21,sandy,non_favorable
6.68,62.77,12.82,27.87,116.18,69.48,1624.94,loam,favorable
5.61,57.35,20.67,50.24,23.06,44.88,903.83,sandy,favorable
5.56,93.26,26.04,98.37,76.97,106.05,1980.8,loam,non_favorable
8.75,90.93,17.22,44.31,50.18,20.78,1659.78,sandy,non_favorable
6.38,60.83,23.65,40.92,74.62,56.65,463.54,clay,favorable
7.11,69.72,16.47,20.88,84.18,108.34,2019.13,clay,favorable
8.98,93.06,14.64,112.3,110.47,41.51,1314.68,silty,non_favorable
5.33,82.16,14.66,8.39,41.65,116.88,2122.39,sandy,non_favorable
6.49,89.7,38.61,112.32,36.49,94.6,413.54,loam,non_favorable
4.62,93.88,29.74,74.64,75.42,73.58,661.82,clay,non_favorable
6.12,70.05,25.25,62.77,74.54,86.88,947.92,sandy,favorable
6.71,26.0,16.18,8.71,92.92,6.73,739.72,silty,favorable
5.5,68.71,16.49,28.52,25.36,114.79,1078.57,silty,favorable
7.6,84.34,38.4,54.17,94.26,74.91,1848.66,silty,non_favorable
6.27,90.13,28.3,66.66,78.76,85.97,277.02,loam,favorable
6.53,81.16,11.36,119.52,64.65,50.5,1670.34,sandy,non_favorable
6.82,65.45,11.58,38.49,50.77,40.02,1855.24,silty,favorable
5.25,38.55,39.41,84.34,108.92,58.31,1492.2,silty,non_favorable
7.75,24.05,34.92,112.85,85.05,20.56,1027.12,sandy,non_favorable
4.61,51.29,38.69,108.02,106.49,15.37,848.15,silty,non_favorable
7.73,24.88,13.65,56.68,46.74,65.24,968.17,clay,non_favorable
6.2,45.45,34.58,109.91,70.03,80.85,500.18,clay,favorable
5.3,71.96,23.43,40.59,93.39,56.32,1452.91,clay,favorable
8.54,91.83,10.11,93.02,6.4,62.23,1197.28,sandy,non_favorable
7.24,54.48,16.94,80.84,57.18,55.82,1402.43,sandy,favorable
5.6,58.79,29.83,69.12,99.9,10.63,496.51,sandy,favorable
4.67,83.31,31.34,101.37,39.32,110.84,298.06,loam,non_favorable
8.97,27.91,19.1,81.01,85.48,70.81,1324.35,silty,non_favorable
7.87,43.82,11.15,93.38,42.12,108.22,1840.53,silty,non_favorable
8.29,20.19,25.07,19.03,103.83,42.86,1027.52,silty,non_favorable
7.63,63.96,13.5,88.92,77.33,118.53,1167.33,clay,non_favorable
6.42,82.82,18.31,71.14,76.67,111.62,1428.58,loam,favorable
6.84,65.55,25.76,25.69,75.08,86.49,2158.52,silty,favorable
5.03,52.19,35.5,89.81,28.84,75.76,1029.26,sandy,non_favorable
6.0,59.83,30.4,6.3,28.14,37.39,1780.39,sandy,favorable
5.85,59.0,34.55,18.09,43.33,50.55,1337.84,loam,favorable
8.24,30.52,36.68,111.06,60.1,59.57,271.12,sandy,non_favorable
6.67,65.18,38.55,66.75,43.54,95.16,1027.91,clay,favorable
8.26,38.95,33.2,41.28,66.63,28.95,1570.99,sandy,non_favorable
4.8,26.94,36.9,44.0,48.15,66.44,531.94,loam,non_favorable
5.34,24.35,35.04,40.45,103.65,86.63,742.99,silty,non_favorable
6.74,34.01,24.46,114.33,29.86,39.77,424.46,sandy,favorable
8.0,88.07,24.2,7.87,60.51,62.51,580.42,sandy,non_favorable
7.8,56.89,34.82,21.48,105.26,99.55,2076.05,silty,favorable
5.42,17.92,22.4,104.45,18.32,40.76,288.06,clay,non_favorable
6.0,86.13,13.3,93.11,90.74,7.59,1716.99,sandy,non_favorable
5.94,30.4,18.85,41.7,55.73,18.53,498.64,clay,non_favorable
5.02,91.66,27.91,16.77,67.39,68.18,742.1,loam,non_favorable
7.08,28.7,19.96,107.61,67.17,10.83,257.99,loam,favorable
4.98,19.3,23.65,25.58,73.55,73.17,1872.35,sandy,non_favorable
7.27,40.0,36.16,86.98,82.15,66.35,2147.36,silty,favorable
7.06,22.43,35.68,85.34,16.19,40.7,1488.84,silty,favorable
6.62,90.8,14.6,108.01,34.68,46.8,566.71,silty,favorable
8.05,85.59,24.51,8.48,59.66,45.42,1122.48,loam,non_favorable
5.77,42.89,28.39,63.41,51.65,87.14,413.96,clay,favorable
8.07,57.62,22.83,52.55,76.4,68.01,2147.78,sandy,non_favorable
4.8,31.66,32.21,54.58,117.72,70.23,884.4,silty,favorable
5.28,68.57,33.66,86.87,101.23,18.15,1392.15,clay,non_favorable
7.0,80.76,15.64,114.93,13.0,17.51,1828.13,loam,favorable
5.97,66.6,11.97,30.03,20.98,71.79,1709.98,silty,non_favorable
7.91,67.87,24.5,38.52,75.79,56.42,611.32,sandy,favorable
5.85,78.55,31.75,110.63,112.72,87.55,2030.24,loam,non_favorable
7.12,63.92,26.33,102.48,103.04,12.18,2002.15,sandy,favorable
4.5,59.8,41.32,17.62,37.45,8.59,1063.43,sandy,non_favorable
7.31,71.94,22.99,55.05,29.29,24.94,478.14,silty,favorable
8.29,43.82,23.35,38.17,105.36,19.44,223.21,silty,favorable
5.15,85.79,31.05,117.12,20.61,20.78,1811.88,sandy,non_favorable
8.52,70.63,39.77,76.67,57.26,53.77,1840.14,silty,non_favorable
6.1,29.86,29.35,71.46,102.38,32.23,1203.46,silty,favorable
8.67,61.11,11.07,9.35,60.58,47.39,1360.54,silty,non_favorable
5.14,73.5,41.47,118.12,94.57,58.47,356.47,sandy,non_favorable
5.6,65.45,31.24,81.9,83.67,67.01,1359.26,sandy,favorable
8.57,57.8,10.35,57.21,109.2,71.01,863.03,sandy,non_favorable
8.82,78.86,19.25,9.06,111.13,91.18,1653.94,loam,non_favorable
4.78,52.85,15.41,10.94,118.89,98.02,1448.63,loam,favorable
6.68,25.15,12.46,95.13,33.99,75.82,750.43,loam,favorable
4.56,23.92,15.59,73.05,22.38,56.37,1815.68,loam,non_favorable
8.02,33.9,15.79,65.65,8.81,118.17,2134.69,loam,non_favorable
8.27,75.22,23.21,49.06,80.98,88.49,534.57,clay,non_favorable
4.74,36.15,36.22,11.04,58.36,59.77,1152.53,loam,non_favorable
6.21,71.45,25.19,21.69,105.08,6.36,2054.45,clay,favorable
6.22,40.26,26.97,114.93,16.2,66.1,907.66,silty,favorable
7.25,67.17,18.72,36.09,97.27,34.36,1368.35,silty,favorable
7.98,74.93,33.5,72.7,27.42,43.8,1580.56,silty,favorable
5.91,15.85,10.27,12.81,52.29,65.41,1571.0,clay,non_favorable
5.49,37.66,16.18,7.73,15.57,112.93,1513.21,loam,non_favorable
8.78,66.05,32.66,18.8,103.49,19.94,1512.79,clay,favorable
8.53,70.65,18.11,58.7,112.66,78.46,2045.39,clay,non_favorable
7.96,70.38,31.36,93.56,34.59,94.78,754.57,loam,favorable
6.22,41.61,11.92,114.89,35.44,55.67,1183.44,sandy,favorable
7.25,29.28,25.75,21.55,93.4,30.11,1486.68,clay,favorable
7.72,23.26,12.33,70.7,33.82,56.28,1993.02,silty,non_favorable
7.44,15.07,11.21,49.91,22.43,42.93,982.66,clay,non_favorable
6.82,90.19,25.7,55.15,102.07,94.81,1770.76,sandy,non_favorable
4.51,91.33,36.18,60.44,70.23,112.53,917.84,clay,non_favorable
6.3,65.58,40.68,15.43,66.48,115.51,360.91,loam,favorable
7.92,38.2,16.5,68.76,116.26,80.98,797.74,silty,non_favorable
8.53,65.45,21.5,14.76,77.77,89.56,479.89,silty,favorable
4.61,94.71,17.63,49.71,96.17,78.99,1199.37,clay,non_favorable
8.85,16.31,20.86,43.84,87.92,51.63,623.36,silty,non_favorable
8.73,84.62,27.17,90.22,31.79,13.28,1670.92,silty,non_favorable
7.44,52.7,39.38,10.27,85.65,20.01,544.5,silty,favorable
8.57,80.66,13.11,75.29,101.07,12.36,1834.94,sandy,non_favorable
6.74,78.93,17.06,97.51,54.01,98.32,2164.39,sandy,non_favorable
5.96,93.07,28.43,20.79,101.19,96.21,1728.46,silty,non_favorable
6.01,24.66,14.52,52.74,85.07,68.64,1077.32,clay,non_favorable
5.1,78.28,30.23,48.26,23.14,106.16,361.45,sandy,non_favorable
5.31,22.13,30.86,107.0,52.87,97.85,1745.13,sandy,non_favorable
5.43,66.19,26.74,52.38,112.88,75.21,275.24,clay,non_favorable
7.73,63.96,12.82,100.05,39.64,53.16,1315.42,clay,favorable
5.03,57.42,13.06,46.62,92.53,67.07,638.55,clay,non_favorable
5.74,30.5,35.49,83.8,116.39,59.56,552.65,clay,non_favorable
4.74,44.14,16.71,33.91,75.93,107.36,1106.3,sandy,non_favorable
7.83,88.99,15.63,95.33,60.78,18.35,1990.16,sandy,non_favorable
7.17,41.08,16.36,82.84,42.45,94.58,852.26,silty,favorable
5.57,48.01,16.4,107.51,13.46,72.29,308.68,sandy,non_favorable
5.15,89.23,24.56,49.54,20.69,87.78,1464.04,silty,non_favorable
5.41,25.18,32.15,11.86,20.7,102.94,1117.16,loam,non_favorable
7.92,32.59,19.45,23.03,96.38,114.57,2011.16,clay,non_favorable
4.89,83.56,25.65,119.5,73.03,101.25,758.34,clay,non_favorable
7.81,34.73,20.47,71.64,107.56,73.05,497.94,silty,favorable
6.38,18.54,41.72,89.35,62.98,53.96,988.64,sandy,non_favorable
6.54,34.24,27.87,6.43,89.16,114.24,465.42,sandy,favorable
5.58,94.92,10.51,81.94,23.61,57.82,1340.76,loam,non_favorable
8.89,52.1,14.44,85.86,26.27,105.23,1453.62,sandy,non_favorable
8.37,20.66,38.59,43.28,8.76,53.98,739.58,sandy,non_favorable
8.04,21.48,38.19,89.61,11.3,113.71,1549.31,clay,non_favorable
5.0,44.25,29.81,47.04,25.16,69.26,334.01,sandy,non_favorable
5.12,41.79,27.27,79.64,89.8,91.51,1942.26,clay,non_favorable
7.89,75.87,20.25,108.26,62.91,53.64,308.92,clay,non_favorable
6.05,53.9,26.85,19.11,86.63,83.01,1265.71,loam,favorable
6.53,44.45,31.55,84.72,117.48,106.56,576.71,loam,favorable
4.89,46.25,15.72,115.2,13.85,23.95,424.05,silty,non_favorable
6.73,85.0,26.66,77.14,38.71,116.5,1282.87,clay,favorable
6.63,48.61,33.61,7.47,26.74,7.53,1803.98,clay,non_favorable
6.35,42.42,30.67,42.53,73.24,85.14,1883.82,loam,favorable
6.56,60.38,38.75,40.25,95.77,31.08,943.8,silty,favorable
7.96,18.79,21.3,57.43,24.13,111.28,1623.62,loam,non_favorable
5.32,29.03,32.66,109.04,96.36,23.54,433.83,loam,non_favorable
7.09,50.27,21.83,28.59,86.32,81.54,2156.05,loam,favorable
6.18,58.19,15.2,39.68,110.85,51.52,1198.83,clay,favorable
8.77,89.22,14.99,116.57,67.81,63.35,1494.49,clay,non_favorable
6.63,38.19,40.21,117.78,70.98,21.91,1330.46,loam,favorable
6.02,23.99,25.33,9.61,82.97,18.44,249.59,silty,favorable
6.51,22.4,11.76,78.75,72.09,30.55,2071.33,clay,non_favorable
5.38,21.69,37.18,82.86,115.13,117.22,988.85,loam,non_favorable
5.93,63.41,40.19,109.47,46.52,22.01,1907.61,silty,non_favorable
6.24,15.98,21.04,40.43,56.24,69.52,631.39,loam,favorable
7.84,48.25,24.16,23.84,88.72,108.24,1657.21,silty,favorable
5.13,61.97,12.75,28.9,59.58,104.77,2173.28,silty,non_favorable
8.7,62.25,22.02,5.76,78.46,36.43,549.79,sandy,favorable
7.7,75.42,14.38,26.39,48.9,68.69,284.47,silty,non_favorable
8.26,39.31,27.9,58.3,8.09,5.28,725.35,loam,non_favorable
5.06,68.27,19.21,25.63,109.28,79.15,256.89,silty,favorable
6.72,92.65,29.16,46.6,60.26,55.15,715.82,loam,favorable
8.88,80.46,21.94,89.29,7.02,34.85,1363.31,silty,favorable
5.94,85.27,14.34,23.78,36.36,53.24,2024.21,clay,non_favorable
4.72,38.33,30.45,13.84,27.29,77.22,1729.38,loam,non_favorable
6.95,84.8,36.46,83.77,39.62,83.83,1576.69,clay,favorable
6.9,43.13,14.6,20.75,37.36,94.56,1023.99,sandy,favorable
4.96,27.36,17.08,26.67,108.16,75.54,1862.83,clay,non_favorable
6.38,88.28,13.73,20.09,7.0,45.04,1582.1,sandy,non_favorable
8.18,86.18,29.12,92.81,44.34,86.64,257.52,clay,non_favorable
5.5,83.55,14.56,31.06,19.41,19.98,357.21,sandy,non_favorable
4.85,76.98,34.23,9.89,17.4,96.2,1226.96,sandy,non_favorable
6.61,87.68,11.39,39.69,6.18,16.1,447.59,sandy,non_favorable
7.14,31.0,31.46,8.36,21.74,90.81,754.75,clay,favorable
6.08,83.41,34.99,75.49,63.06,12.86,1839.17,loam,favorable
6.88,72.26,40.86,24.75,91.71,5.5,1650.7,sandy,non_favorable
8.64,83.1,25.19,85.29,26.29,82.46,414.65,clay,non_favorable
8.92,48.93,26.46,51.87,92.56,41.14,1131.8,loam,favorable
6.73,43.9,19.22,88.05,14.46,61.78,969.56,clay,favorable
7.2,39.96,41.24,56.05,68.7,38.42,1910.73,silty,non_favorable
8.36,86.58,35.68,112.99,47.26,6.47,1548.32,clay,non_favorable
6.28,56.81,31.65,18.71,50.4,84.93,2155.14,sandy,favorable
4.79,93.02,20.84,73.42,118.93,19.12,1876.22,clay,non_favorable
5.75,72.08,28.62,36.39,95.79,79.04,1000.47,silty,favorable
7.5,91.01,41.6,63.81,21.95,57.28,444.38,silty,non_favorable
6.74,65.27,14.31,16.45,11.08,12.85,1556.21,silty,favorable
6.22,69.34,14.89,76.53,16.08,13.8,1703.22,clay,favorable
8.07,31.15,31.19,61.38,35.09,44.52,1919.34,silty,non_favorable
8.79,17.53,23.77,110.22,49.12,41.17,952.67,sandy,non_favorable
4.66,29.15,31.1,94.63,106.74,23.88,1061.36,silty,non_favorable
7.72,54.0,13.5,82.63,80.91,83.82,1344.42,loam,favorable
7.03,27.5,11.78,35.29,72.97,48.45,1552.98,silty,non_favorable
5.94,17.25,11.44,101.25,45.12,90.34,253.8,loam,non_favorable
6.21,49.25,41.74,52.37,11.49,33.09,669.24,loam,favorable
7.17,87.83,12.1,40.06,43.82,7.27,852.23,loam,non_favorable
7.46,48.8,26.47,53.43,7.35,59.02,244.47,silty,favorable
6.2,46.22,28.32,97.96,16.51,82.64,871.93,loam,favorable
5.25,38.96,41.02,28.2,78.08,117.02,350.64,loam,non_favorable
5.79,18.8,41.88,51.23,30.98,90.43,383.92,clay,non_favorable
7.16,36.87,28.13,66.07,54.12,44.94,353.32,sandy,favorable
6.77,38.99,31.23,41.04,52.65,33.9,1230.74,loam,favorable
8.46,65.23,26.52,26.45,62.41,80.99,1847.82,clay,non_favorable
5.71,66.03,35.89,103.07,109.29,112.48,1653.23,silty,non_favorable
6.85,44.14,14.73,22.3,83.81,39.53,1070.78,sandy,favorable
8.37,87.89,30.29,102.29,35.7,38.01,521.17,loam,non_favorable
6.33,24.08,16.14,33.24,100.13,58.38,1319.65,clay,non_favorable
6.4,87.45,16.46,36.36,8.35,95.81,755.54,silty,favorable
7.4,18.38,33.12,94.96,11.36,108.1,827.81,clay,non_favorable
8.4,87.05,23.02,46.79,80.6,15.39,2086.32,loam,non_favorable
5.56,60.68,26.01,18.87,81.38,71.75,1750.23,clay,favorable
6.73,22.22,29.19,93.92,41.04,100.72,1674.47,loam,favorable
8.71,32.44,13.42,29.62,36.57,51.96,1925.8,clay,non_favorable
6.71,44.98,40.36,41.4,53.73,83.51,2126.63,sandy,non_favorable
6.13,72.25,36.28,7.42,116.18,74.67,1882.95,clay,favorable
7.61,78.1,17.67,68.56,40.57,115.23,925.71,sandy,non_favorable
6.91,33.91,24.16,5.9,115.49,111.66,2035.85,sandy,favorable
4.91,80.82,17.53,29.19,107.38,110.33,1462.71,loam,non_favorable
8.05,36.92,12.56,94.64,61.54,89.75,2052.99,silty,non_favorable
7.73,85.14,36.25,99.81,85.33,63.23,903.71,loam,non_favorable
6.54,17.19,11.67,78.78,77.47,95.97,472.18,loam,non_favorable
5.4,39.44,28.43,17.75,33.7,87.06,1735.21,silty,non_favorable
8.31,69.86,35.36,41.73,60.01,89.54,721.36,clay,non_favorable
8.1,30.89,23.26,25.92,105.78,113.65,1968.68,loam,non_favorable
4.59,16.84,27.87,75.38,31.3,15.23,1124.85,clay,non_favorable
7.66,28.5,22.83,54.32,34.92,15.24,935.84,loam,non_favorable
4.56,57.07,34.75,111.75,100.13,61.83,648.97,sandy,non_favorable
5.36,83.95,35.03,38.12,61.83,19.97,1912.68,clay,non_favorable
8.98,37.64,31.67,53.11,51.98,21.78,780.39,clay,non_favorable
5.56,51.08,17.95,72.03,79.43,14.86,1137.76,loam,favorable
8.88,46.8,16.79,49.1,53.68,73.68,346.11,loam,non_favorable
4.73,89.49,25.07,45.74,74.73,82.14,1804.5,sandy,non_favorable
4.52,55.36,22.19,117.42,82.2,20.21,1984.45,sandy,non_favorable
7.11,35.82,26.12,111.99,105.96,20.17,834.63,sandy,favorable
5.14,24.35,11.41,19.71,105.24,101.0,1695.65,silty,non_favorable
5.77,85.15,29.61,92.58,35.33,41.0,1985.34,silty,non_favorable
7.82,54.3,40.4,68.9,111.13,78.22,1079.98,loam,non_favorable
5.17,33.39,11.15,34.93,86.19,55.19,2190.4,clay,non_favorable
4.68,43.52,32.69,60.8,61.69,102.27,1933.76,silty,favorable
6.07,31.3,19.09,101.02,91.24,99.6,1326.49,sandy,non_favorable
7.13,92.73,26.83,70.64,52.89,13.84,1736.51,clay,non_favorable
8.49,17.08,31.8,83.27,50.33,72.89,2102.44,sandy,non_favorable
5.19,21.49,36.58,80.85,57.22,114.85,1388.41,loam,non_favorable
5.98,18.51,29.92,57.11,113.95,119.98,2013.76,sandy,non_favorable
5.45,18.89,30.6,42.16,11.39,13.13,2103.8,clay,non_favorable
4.92,35.41,17.68,93.65,50.88,7.36,616.45,silty,non_favorable
8.01,37.79,34.08,80.22,18.87,61.45,1064.72,silty,non_favorable
8.57,63.28,21.49,16.05,47.26,27.99,1090.88,loam,favorable
6.64,60.04,23.54,92.0,98.26,75.59,1068.21,silty,favorable
4.92,56.07,41.14,82.79,79.48,87.07,2061.34,silty,non_favorable
5.81,49.99,39.03,59.93,22.09,19.7,2005.81,sandy,non_favorable
6.85,38.64,11.53,13.8,10.19,17.38,1049.83,clay,non_favorable
6.59,72.62,36.01,45.88,72.34,93.39,232.54,sandy,favorable
5.31,29.58,22.57,14.58,105.83,39.23,1374.42,silty,non_favorable
7.91,51.0,35.85,44.25,110.58,98.15,622.14,silty,favorable
7.86,63.32,37.89,17.23,66.45,5.67,433.36,sandy,non_favorable
7.45,51.81,22.96,80.64,90.59,88.48,805.6,clay,favorable
7.61,92.05,31.6,97.53,15.08,20.54,581.6,loam,favorable
7.63,30.06,10.86,60.33,21.69,32.8,1884.18,sandy,non_favorable
4.89,76.58,14.74,53.52,18.39,108.78,1677.56,clay,non_favorable
8.84,52.72,37.51,72.3,28.15,70.48,1867.68,silty,non_favorable
6.0,23.21,37.12,54.66,52.8,62.01,1357.32,sandy,non_favorable
4.67,46.97,26.43,88.33,112.56,109.08,1935.27,loam,non_favorable
7.71,57.26,23.5,41.32,12.3,107.68,1034.27,clay,favorable
5.03,64.82,30.68,56.56,55.17,23.55,1652.42,silty,favorable
6.05,33.57,17.03,109.54,44.0,74.24,1884.93,silty,favorable
5.09,38.47,32.76,115.38,100.8,82.41,1669.17,silty,non_favorable
8.1,82.56,29.9,37.48,91.16,81.71,458.19,silty,non_favorable
5.2,54.37,35.39,113.45,61.78,31.99,1313.66,clay,non_favorable
6.11,35.86,31.66,25.09,103.84,62.9,1813.63,sandy,favorable
6.44,64.41,13.86,30.77,34.65,44.14,910.48,loam,favorable
7.97,59.56,38.68,103.14,105.48,74.49,408.28,sandy,non_favorable
8.67,50.03,24.63,101.78,17.76,17.18,1421.15,sandy,favorable
8.21,18.36,13.37,77.44,105.15,109.76,514.07,sandy,non_favorable
7.69,75.96,25.95,105.11,22.74,46.83,1838.32,loam,favorable
8.32,50.13,23.3,93.44,33.21,98.05,882.64,sandy,favorable
4.88,44.79,34.16,46.47,81.47,22.44,1707.01,clay,non_favorable
8.04,26.04,23.72,110.57,108.28,114.46,1232.31,silty,non_favorable
8.75,50.41,34.64,87.53,64.5,13.0,876.61,loam,favorable
8.92,28.15,11.97,92.31,80.92,78.77,2005.02,silty,non_favorable
8.9,93.4,35.57,105.72,116.86,53.22,1971.57,sandy,non_favorable
7.75,40.1,21.01,100.11,108.52,75.2,493.72,loam,favorable
6.51,31.41,27.42,95.66,79.98,85.21,1975.35,silty,favorable
7.99,85.48,12.7,66.8,49.85,87.67,1959.75,silty,non_favorable
5.46,55.93,19.99,44.18,78.1,7.69,1980.64,loam,favorable
5.59,76.93,33.25,118.5,17.7,11.89,945.96,loam,favorable
5.06,75.52,40.12,56.6,70.83,5.6,877.96,loam,non_favorable
8.12,94.12,28.1,107.85,77.19,66.33,1391.1,clay,non_favorable
5.85,68.35,36.08,70.87,21.1,48.43,1675.02,loam,favorable
5.98,61.59,36.33,46.55,16.27,86.84,1856.88,sandy,non_favorable
4.92,48.99,14.16,29.7,13.98,82.83,1005.51,sandy,non_favorable
8.42,61.74,30.37,119.6,84.24,114.0,1663.43,silty,non_favorable
8.21,26.55,14.07,86.78,19.88,86.02,1926.54,silty,non_favorable
7.63,51.43,11.04,23.04,69.29,111.0,437.53,sandy,non_favorable
5.0,44.57,19.27,65.12,18.54,40.07,948.92,silty,favorable
6.69,78.3,14.55,72.81,10.59,107.84,1978.11,loam,favorable
5.32,74.17,10.07,67.97,12.77,10.14,1162.35,clay,non_favorable
7.05,87.02,35.0,59.65,87.8,74.66,1723.9,loam,non_favorable
7.93,68.38,14.77,88.7,15.27,76.85,1447.18,silty,favorable
5.55,46.63,27.31,115.18,107.35,89.63,1491.83,silty,favorable
7.68,60.76,35.48,86.35,69.52,19.23,1318.71,clay,favorable
8.8,58.35,34.24,115.09,65.0,91.31,1205.28,clay,non_favorable
5.04,89.89,15.75,7.18,95.48,33.21,1611.24,sandy,non_favorable
4.88,57.68,20.25,72.72,61.52,112.39,879.91,silty,favorable
6.37,83.77,20.16,34.58,18.18,16.42,536.31,clay,favorable
5.32,76.46,14.94,114.5,83.04,11.78,2122.25,clay,non_favorable
4.62,19.68,22.48,41.8,52.47,42.29,951.03,clay,non_favorable
4.73,34.17,29.1,32.2,63.49,63.01,2098.71,sandy,non_favorable
4.77,52.19,23.03,60.68,51.86,31.88,1972.31,loam,favorable
6.99,61.89,13.25,92.74,79.93,19.44,1336.49,loam,favorable
4.88,65.86,16.51,116.31,47.93,118.31,1764.05,silty,non_favorable
8.83,59.41,11.34,98.45,115.53,76.38,1506.12,silty,non_favorable
4.5,89.68,25.43,73.75,101.54,48.72,902.84,clay,non_favorable
7.13,55.83,11.46,90.01,69.75,39.57,990.61,clay,favorable
8.24,73.01,41.96,106.0,29.25,63.05,1804.11,sandy,non_favorable
7.36,93.37,32.65,36.4,81.16,41.99,621.25,loam,favorable
4.57,70.35,30.69,5.24,59.8,108.67,1545.41,loam,favorable
7.0,70.72,25.65,50.17,14.33,105.82,1502.53,silty,favorable
8.52,80.28,24.25,19.19,116.78,48.28,1402.62,sandy,non_favorable
5.3,76.44,32.3,5.97,58.21,112.67,1089.16,silty,favorable
7.84,75.67,31.78,86.56,27.02,98.87,1450.47,clay,favorable
5.55,54.5,21.62,37.29,109.02,86.3,618.17,clay,favorable
8.93,66.07,13.55,36.89,62.54,24.6,587.54,clay,non_favorable
4.79,25.26,12.08,34.86,70.54,31.22,1246.16,clay,non_favorable
5.36,69.24,41.74,84.69,66.29,34.09,1320.23,loam,non_favorable
4.51,49.17,31.54,79.75,103.19,42.14,1888.68,silty,favorable
5.73,69.41,24.93,46.57,92.29,106.64,649.1,silty,favorable
8.63,57.59,20.12,50.06,43.49,106.21,1815.35,loam,favorable
8.9,48.91,12.38,33.75,23.92,40.74,1451.99,clay,non_favorable
4.63,49.56,10.77,96.68,112.53,101.66,694.31,sandy,non_favorable
5.57,42.26,11.74,43.36,96.32,113.51,1751.5,silty,non_favorable
7.94,65.03,28.53,14.84,11.98,8.83,826.56,silty,favorable
8.02,19.96,35.68,11.3,75.23,54.66,403.66,sandy,non_favorable
7.02,38.59,22.21,16.02,91.48,31.81,1399.15,sandy,favorable
6.54,52.14,23.7,76.32,16.65,79.86,1551.55,sandy,favorable
6.54,41.26,16.16,16.81,73.45,12.77,1778.83,sandy,non_favorable
8.57,25.08,26.28,45.87,60.36,76.4,571.85,clay,non_favorable
8.09,19.84,19.97,55.12,115.37,91.75,822.38,clay,non_favorable
5.16,39.69,20.97,47.42,5.93,72.44,1556.6,clay,non_favorable
5.57,80.53,27.9,11.28,44.54,117.3,1481.11,sandy,favorable
8.03,42.32,31.37,84.9,117.92,73.97,862.29,clay,non_favorable
7.27,48.5,15.19,57.24,95.76,9.85,638.81,loam,favorable
7.37,70.46,24.93,29.51,60.29,93.36,1829.31,sandy,favorable
5.42,29.74,41.68,46.72,13.48,8.45,430.38,silty,non_favorable
6.48,65.51,39.21,46.39,117.16,27.9,768.2,loam,favorable
8.48,72.51,20.87,68.77,25.53,7.47,1885.76,clay,non_favorable
4.59,69.2,22.13,95.55,17.76,112.65,810.14,sandy,favorable
6.16,44.79,15.48,65.6,96.89,76.67,1067.44,clay,favorable
5.03,85.62,14.19,26.81,66.24,84.85,835.9,sandy,non_favorable
8.9,34.56,11.48,75.84,26.75,66.58,1779.18,silty,non_favorable
5.61,65.36,18.96,19.54,63.45,72.17,1177.98,loam,favorable
8.03,78.28,29.68,24.25,49.63,106.48,1702.27,sandy,non_favorable
6.74,52.14,20.3,48.0,84.87,87.3,1189.58,loam,favorable
7.12,66.05,35.3,79.72,28.83,107.91,1104.16,loam,favorable
6.28,39.48,38.44,70.71,112.58,48.02,1301.1,clay,non_favorable
7.88,38.6,26.6,31.47,9.73,63.91,872.75,clay,favorable
6.6,47.72,35.74,41.46,48.97,25.65,667.58,silty,favorable
6.12,21.59,36.96,63.97,79.02,95.38,2053.21,sandy,non_favorable
5.03,43.82,27.47,43.38,82.64,33.75,1690.42,sandy,non_favorable
5.36,63.32,14.41,103.32,87.36,67.46,722.27,loam,non_favorable
5.77,42.73,41.9,113.77,99.51,92.15,223.78,loam,non_favorable
8.39,33.21,33.15,29.14,31.88,72.51,1305.23,clay,non_favorable
7.75,51.91,35.34,41.0,26.6,93.57,1595.88,silty,favorable
6.47,83.24,10.96,20.98,105.48,40.14,1675.61,clay,non_favorable
8.15,81.74,20.87,53.2,83.86,51.39,1757.29,silty,non_favorable
5.97,16.86,35.13,111.05,22.67,114.55,860.5,loam,non_favorable
8.91,31.34,22.5,66.47,26.66,17.49,1339.03,silty,favorable
7.38,39.37,15.49,82.61,25.43,100.04,1406.73,silty,favorable
5.34,20.56,40.82,37.64,31.8,80.85,339.96,sandy,non_favorable
6.16,15.88,20.46,109.63,49.98,118.8,458.28,sandy,non_favorable
6.65,20.5,40.56,104.56,19.94,28.65,1064.4,silty,non_favorable
5.21,61.01,19.93,28.34,87.43,57.78,603.41,silty,favorable
6.51,80.97,29.36,33.39,42.82,70.46,1181.92,clay,favorable
7.09,73.98,19.21,106.31,57.48,85.54,1623.3,silty,favorable
6.26,80.87,37.2,52.73,25.65,76.04,1064.15,loam,favorable
8.6,29.68,28.2,50.26,113.75,32.56,1941.08,silty,non_favorable
8.47,58.02,31.33,12.68,88.55,108.76,2017.47,loam,favorable
8.97,59.23,41.85,13.8,17.1,93.15,852.03,silty,non_favorable
5.24,31.59,11.43,8.07,78.47,82.7,1123.81,silty,non_favorable
7.86,83.46,22.69,6.23,18.19,110.47,854.22,loam,favorable
6.68,20.46,27.55,32.86,114.25,21.13,1840.85,silty,favorable
5.27,16.45,13.22,38.83,66.49,49.95,355.17,clay,non_favorable
7.55,27.28,21.46,29.92,8.96,82.63,632.33,sandy,non_favorable
8.26,79.92,30.51,87.39,108.16,49.92,816.65,sandy,non_favorable
7.19,18.89,22.08,28.2,33.72,109.51,599.97,sandy,favorable
6.4,94.14,20.79,27.1,81.93,30.37,1964.57,sandy,non_favorable
7.76,18.52,26.4,98.8,42.11,77.08,1449.35,clay,non_favorable
8.73,24.66,16.84,46.01,24.97,51.25,832.48,silty,non_favorable
5.46,32.61,31.05,37.02,76.75,10.05,1970.92,silty,non_favorable
5.86,62.91,41.46,16.71,66.66,118.91,1900.93,silty,non_favorable
5.63,22.58,20.38,77.55,49.69,111.32,1742.81,clay,non_favorable
5.99,65.83,38.29,41.57,102.93,60.44,870.21,clay,non_favorable
6.22,66.25,17.44,72.56,118.66,31.75,1432.7,silty,favorable
5.89,74.03,34.23,76.27,11.89,48.07,793.23,sandy,favorable
6.19,66.36,17.62,88.41,118.68,56.03,1954.66,clay,non_favorable
5.75,66.49,34.34,64.9,117.42,79.53,776.91,clay,non_favorable
5.53,73.63,20.97,28.67,11.22,110.53,2176.75,sandy,favorable
7.24,45.52,20.29,55.87,5.69,105.03,339.97,clay,favorable
4.73,94.36,40.02,19.44,24.97,68.12,1790.47,clay,non_favorable
5.56,21.25,33.2,40.82,87.99,33.17,552.87,clay,non_favorable
5.86,61.11,40.97,28.16,104.18,60.33,2102.03,clay,non_favorable
6.29,28.42,24.12,63.11,89.52,92.44,1839.21,loam,favorable
4.59,45.51,37.33,92.27,110.98,73.45,505.6,silty,non_favorable
5.66,52.09,24.52,48.14,74.69,13.27,473.31,clay,favorable
5.38,88.29,10.13,104.09,88.99,48.04,1009.11,silty,non_favorable
8.73,92.64,21.94,61.3,78.72,72.66,1017.58,silty,non_favorable
8.97,24.96,39.83,23.67,92.74,115.07,1742.54,sandy,non_favorable
6.79,54.09,32.03,85.09,79.85,111.55,1671.33,loam,favorable
6.65,88.72,21.57,86.25,8.25,81.55,495.77,clay,non_favorable
8.75,26.79,17.92,71.51,81.2,23.56,433.46,silty,non_favorable
7.4,88.35,22.73,72.41,108.61,64.63,577.65,sandy,favorable
5.25,49.15,32.14,62.57,66.32,106.96,1372.16,silty,favorable
7.89,88.95,37.82,17.57,70.85,96.72,1828.46,silty,non_favorable
7.87,89.4,22.74,40.43,118.51,98.88,203.16,loam,non_favorable
7.98,48.43,23.34,38.16,54.56,25.29,572.8,sandy,favorable
5.39,29.56,40.35,56.83,98.65,26.35,317.96,clay,non_favorable
8.14,30.35,41.45,105.24,55.68,109.99,418.39,clay,non_favorable
4.86,21.86,13.99,12.39,8.41,32.0,1170.39,clay,non_favorable
4.54,36.29,40.57,81.51,95.76,9.81,622.14,sandy,non_favorable
6.19,56.61,40.79,35.57,60.88,92.04,1408.74,sandy,favorable
6.17,86.21,41.98,98.94,113.21,81.48,956.87,loam,non_favorable
8.89,84.85,35.8,5.35,105.11,51.21,1870.84,sandy,non_favorable
4.62,24.83,26.98,114.37,91.42,33.58,1103.84,clay,non_favorable
6.82,67.82,10.1,78.38,113.32,42.05,1467.55,silty,favorable
8.86,73.87,31.69,31.86,60.72,90.01,1787.92,sandy,non_favorable
6.43,89.52,39.79,118.49,103.57,109.1,1668.56,loam,non_favorable
7.23,71.96,37.84,105.77,95.26,87.42,263.49,loam,non_favorable
8.09,39.11,31.54,68.11,105.6,24.33,1092.57,silty,favorable
6.67,58.25,17.79,24.6,113.58,85.49,410.94,sandy,favorable
5.22,89.32,38.88,93.13,30.34,34.63,1152.6,sandy,non_favorable
7.49,88.82,30.27,61.58,96.49,43.27,647.61,sandy,favorable
7.4,45.16,32.96,89.64,48.89,78.84,1323.8,sandy,favorable
8.14,32.88,13.7,15.08,15.25,90.17,2074.42,silty,non_favorable
7.08,25.19,20.03,48.72,89.75,40.74,1380.12,sandy,favorable
8.31,93.39,20.23,46.98,83.12,96.61,1239.5,clay,non_favorable
4.98,15.74,37.28,41.33,98.86,39.13,637.81,clay,non_favorable
5.16,37.67,33.91,102.65,100.19,8.95,840.28,silty,non_favorable
5.73,82.81,28.37,77.57,29.81,38.52,2132.99,sandy,non_favorable
8.92,41.65,36.49,29.22,89.26,98.2,1600.81,sandy,non_favorable
8.65,77.08,37.42,88.65,39.4,98.73,2024.75,sandy,non_favorable
8.96,58.84,20.8,82.96,118.89,92.14,982.13,clay,non_favorable
5.77,88.85,32.44,68.02,16.19,42.19,1782.55,loam,non_favorable
8.32,71.77,24.64,23.82,20.82,85.03,782.16,sandy,favorable
5.44,79.35,16.26,79.89,46.66,103.46,403.9,clay,non_favorable
6.19,93.62,31.74,24.35,11.48,45.89,1147.75,clay,non_favorable
5.03,56.23,20.83,54.89,22.09,88.09,690.0,sandy,favorable
5.58,54.09,32.02,114.77,80.07,48.17,1583.59,sandy,favorable
8.0,84.19,30.81,36.65,80.12,47.24,440.0,sandy,non_favorable
5.05,66.31,39.07,30.87,72.49,118.55,1159.0,sandy,non_favorable
8.07,29.49,25.49,79.13,54.87,70.71,398.88,sandy,non_favorable
7.71,83.98,27.2,51.61,85.59,50.29,1834.93,sandy,non_favorable
4.79,81.97,27.25,99.17,79.95,91.65,614.93,silty,non_favorable
5.31,62.93,15.76,68.79,97.06,19.15,457.63,sandy,non_favorable
7.44,22.03,18.22,91.6,14.73,19.34,797.16,clay,favorable
6.4,90.62,10.0,39.57,113.81,64.74,1765.6,clay,non_favorable
5.13,54.24,20.01,109.74,119.63,74.71,1221.18,silty,non_favorable
7.48,18.58,11.18,21.29,103.45,29.75,468.42,sandy,non_favorable
7.16,37.19,33.33,53.53,68.23,34.98,1499.54,clay,favorable
6.3,21.66,18.13,53.91,84.87,66.63,341.12,clay,non_favorable
8.98,70.74,16.16,47.8,80.59,99.36,1409.89,loam,favorable
8.2,40.31,35.21,48.58,115.86,33.46,740.25,silty,favorable
7.58,47.54,20.54,15.23,109.56,94.48,492.66,sandy,favorable
5.73,22.84,41.34,30.56,114.46,95.01,447.01,clay,non_favorable
7.15,79.54,13.06,45.12,70.8,37.43,742.11,loam,favorable
8.53,28.66,40.29,49.8,44.69,90.25,2136.0,sandy,non_favorable
6.65,25.21,10.3,64.06,22.88,19.53,957.6,silty,non_favorable
4.74,73.03,41.18,86.36,33.65,75.0,1613.57,loam,non_favorable
6.48,43.32,25.0,37.98,114.55,64.87,1636.93,clay,favorable
5.87,83.63,40.32,51.75,40.96,15.37,358.95,clay,non_favorable
8.75,28.21,11.84,90.49,68.73,61.68,1948.71,clay,non_favorable
7.55,89.6,14.37,62.25,83.79,82.83,1264.82,silty,non_favorable
6.32,64.3,39.15,90.78,87.13,85.8,1699.34,sandy,non_favorable
8.97,67.89,39.45,119.9,113.67,83.67,284.71,clay,non_favorable
8.84,68.96,38.22,65.2,30.88,13.64,1878.82,silty,non_favorable
8.79,48.82,22.13,47.93,18.02,110.12,699.53,loam,favorable
5.81,53.65,18.47,5.26,77.59,50.27,2046.11,sandy,favorable
8.71,86.4,37.15,11.61,5.68,57.94,796.7,sandy,non_favorable
4.52,86.22,15.96,45.77,16.65,61.59,369.49,sandy,non_favorable
6.35,88.05,10.22,93.49,33.77,59.13,948.62,clay,non_favorable
6.43,29.57,35.97,17.5,55.44,101.53,523.67,loam,favorable
7.86,15.46,38.27,86.56,17.73,37.76,467.36,loam,non_favorable
7.85,87.08,15.13,27.88,60.12,81.5,731.6,silty,non_favorable
6.7,54.65,31.82,19.65,91.38,94.74,999.75,silty,favorable
5.09,91.61,35.37,19.5,44.57,6.57,1568.88,silty,non_favorable
7.55,42.37,41.25,89.8,54.95,38.29,1171.86,sandy,non_favorable
5.61,27.2,26.36,33.69,93.17,104.38,2188.51,silty,non_favorable
7.5,49.33,25.16,95.01,16.85,89.0,1422.2,clay,favorable
8.97,62.3,30.3,31.38,20.21,9.41,2180.8,clay,non_favorable
6.42,64.32,12.91,10.86,51.84,40.24,1466.62,clay,favorable
5.5,49.09,11.96,54.11,10.94,17.66,927.15,clay,non_favorable
7.7,34.76,38.64,25.9,5.06,80.95,843.28,loam,non_favorable
6.62,87.68,13.22,26.26,114.06,46.81,808.71,loam,favorable
7.51,69.64,34.65,19.99,46.47,98.15,1685.86,sandy,non_favorable
5.57,37.08,28.7,15.03,17.23,77.4,1403.67,loam,favorable
7.14,87.97,30.94,26.9,86.04,111.43,349.76,sandy,non_favorable
5.86,52.94,34.35,66.36,22.67,19.7,1036.43,loam,favorable
8.51,75.75,37.07,69.44,44.94,47.09,1459.73,loam,non_favorable
8.6,20.42,23.41,112.1,62.94,7.52,1398.31,sandy,non_favorable
5.8,91.46,11.95,116.83,26.87,98.67,1190.05,clay,non_favorable
5.24,75.06,22.29,94.63,51.1,36.22,568.13,sandy,non_favorable
7.07,62.37,10.28,111.79,63.97,62.94,1641.16,clay,non_favorable
5.87,32.63,32.66,68.5,24.68,10.25,676.43,loam,favorable
7.38,90.36,18.89,20.29,105.44,10.92,2160.05,sandy,non_favorable
6.91,15.11,21.12,74.59,47.45,14.57,1610.92,clay,non_favorable
7.75,47.67,29.57,42.33,11.59,98.83,1847.86,loam,favorable
7.79,37.38,18.19,6.8,80.59,104.82,2078.03,clay,non_favorable
7.75,70.05,40.26,34.59,77.02,74.5,612.32,sandy,non_favorable
5.49,36.5,28.61,97.89,91.58,22.9,663.45,silty,favorable
6.16,87.17,13.0,25.87,26.28,104.17,577.72,silty,favorable
8.75,29.43,19.03,40.67,106.8,99.01,1574.73,silty,non_favorable
4.81,20.76,17.85,109.55,116.59,16.53,1253.56,clay,non_favorable
7.21,45.23,10.66,100.05,92.8,79.12,287.48,sandy,non_favorable
7.97,36.41,40.04,73.96,96.13,6.08,1783.32,clay,non_favorable
8.34,21.8,14.46,92.36,107.62,98.78,814.77,loam,non_favorable
5.2,19.47,32.15,77.16,19.15,99.87,405.63,silty,non_favorable
4.96,85.92,23.29,5.14,30.8,31.07,970.77,loam,non_favorable
7.45,33.07,38.13,49.25,106.69,99.62,424.82,loam,non_favorable
8.96,32.96,40.61,37.41,13.77,43.38,920.99,clay,non_favorable
8.53,63.36,15.7,66.01,73.96,83.13,500.44,sandy,non_favorable
7.31,37.96,38.01,36.18,62.41,47.45,730.8,loam,favorable
8.05,83.94,41.3,94.45,21.86,21.99,1093.39,sandy,non_favorable
8.17,24.05,23.68,88.57,21.64,42.15,455.07,silty,non_favorable
6.09,54.54,25.4,116.88,74.2,78.21,476.44,silty,favorable
6.22,58.95,27.24,61.65,66.66,31.46,367.24,clay,favorable
6.87,77.13,35.96,30.22,15.03,46.6,606.56,silty,favorable
6.13,52.91,14.27,17.67,109.81,46.5,1898.66,sandy,favorable
5.83,26.53,37.31,116.76,109.99,32.89,1855.64,clay,non_favorable
7.86,24.38,32.26,21.45,89.3,85.05,1049.42,sandy,non_favorable
7.66,68.02,12.36,101.31,105.1,8.47,930.49,sandy,favorable
5.6,16.0,36.59,52.9,93.02,59.02,480.22,sandy,non_favorable
6.62,72.8,24.21,79.16,6.52,17.8,320.0,loam,favorable
7.22,28.89,15.13,50.58,53.72,114.05,1108.59,sandy,non_favorable
8.64,55.15,32.7,53.72,23.03,116.91,1243.0,loam,favorable
7.84,47.03,11.79,50.11,99.59,117.24,1410.17,clay,non_favorable
8.17,52.47,20.02,78.82,100.13,23.95,1806.68,sandy,non_favorable
5.38,23.67,12.49,74.37,102.36,8.23,764.41,silty,non_favorable
4.79,62.77,34.21,40.55,68.44,78.41,264.73,sandy,non_favorable
4.88,60.61,11.44,118.45,60.64,10.53,386.42,loam,non_favorable
4.54,43.53,19.04,50.79,27.41,91.46,1651.38,loam,favorable
7.66,22.79,23.03,90.27,16.62,97.86,500.37,clay,non_favorable
6.65,84.5,11.2,23.54,83.47,14.06,1451.91,silty,favorable
8.48,79.6,30.94,93.41,23.52,115.82,1232.6,clay,non_favorable
6.51,25.5,19.31,76.7,113.12,9.6,1625.52,loam,favorable
5.58,94.76,29.42,115.17,70.19,119.36,394.81,silty,non_favorable
5.14,84.64,27.51,116.43,94.87,15.02,388.23,sandy,non_favorable
5.26,38.65,12.18,71.3,45.64,13.18,1621.31,loam,non_favorable
5.66,52.86,18.19,105.82,79.78,21.15,447.93,silty,favorable
4.68,83.72,22.83,103.56,110.47,19.83,933.46,silty,favorable
6.18,69.58,26.19,35.23,105.69,83.49,1441.23,loam,favorable
7.83,34.59,36.28,5.91,103.1,38.43,516.41,sandy,non_favorable
8.34,32.84,37.97,81.95,45.13,58.88,1270.23,silty,non_favorable
4.99,29.42,13.47,115.35,50.65,54.81,1003.04,silty,non_favorable
5.93,94.72,25.56,85.76,59.77,37.01,276.56,sandy,non_favorable
8.77,26.64,16.83,70.34,118.6,94.03,324.8,clay,non_favorable
8.05,93.28,16.83,29.32,7.64,92.24,1045.84,loam,non_favorable
7.36,21.69,12.22,51.58,39.31,86.9,1942.58,loam,non_favorable
7.51,35.76,36.58,15.63,108.69,44.33,1706.35,clay,non_favorable
5.39,90.36,25.41,66.58,95.14,116.04,1073.57,clay,non_favorable
8.2,59.87,38.6,27.83,88.11,71.53,489.23,silty,non_favorable
4.56,86.72,39.88,62.44,41.39,96.08,1547.89,loam,non_favorable
6.84,15.29,24.42,100.74,19.46,56.67,2138.92,loam,favorable
4.66,74.66,16.01,85.09,94.05,74.11,632.27,sandy,non_favorable
8.79,92.74,28.46,6.65,98.58,6.86,1993.31,clay,non_favorable
7.65,66.91,24.59,52.19,45.5,67.38,1246.34,sandy,favorable
5.01,29.07,23.71,25.34,73.41,67.42,963.13,loam,non_favorable
7.35,71.17,40.01,109.18,16.41,15.08,1874.47,silty,favorable
7.42,64.3,23.16,62.09,91.45,111.63,399.4,sandy,favorable
6.77,79.47,31.37,102.95,29.37,94.34,1303.18,silty,favorable
5.38,52.57,13.98,116.28,110.11,52.49,1840.84,sandy,non_favorable
4.53,44.97,17.17,37.61,106.15,35.42,1876.97,silty,non_favorable
7.53,15.33,39.09,8.76,8.02,95.91,1881.54,silty,non_favorable
6.01,91.73,41.77,32.81,116.95,27.16,1488.87,loam,non_favorable
8.11,61.23,14.12,78.17,117.4,24.98,2008.34,sandy,non_favorable
6.47,22.97,35.64,62.99,77.62,95.19,1886.06,clay,non_favorable
8.27,27.72,20.32,15.72,7.95,6.33,1740.06,loam,non_favorable
4.63,71.61,39.46,14.06,48.98,90.37,461.1,clay,non_favorable
7.36,77.21,15.97,80.04,30.5,27.29,1880.91,silty,favorable
7.97,67.74,18.8,112.52,77.16,78.41,1358.71,silty,favorable
5.0,89.18,13.93,21.31,35.13,25.77,354.76,sandy,non_favorable
8.61,31.64,13.22,96.48,52.58,60.95,1451.37,loam,non_favorable
7.59,45.02,20.03,109.45,97.98,25.68,220.28,clay,favorable
7.47,65.5,37.35,18.48,44.42,44.88,2189.83,clay,favorable
5.21,74.34,39.65,27.18,8.4,7.65,1223.49,sandy,non_favorable
5.47,44.19,38.75,8.39,20.93,14.6,1583.2,clay,non_favorable
5.7,53.53,40.5,45.08,68.42,38.85,1690.39,clay,non_favorable
6.46,90.71,39.52,33.76,27.76,102.29,1634.79,silty,non_favorable
4.96,78.45,28.8,24.05,28.67,88.04,1066.94,silty,favorable
6.41,74.77,36.11,76.63,74.84,54.37,1334.28,silty,favorable
8.54,80.55,24.38,107.29,115.18,34.1,1019.62,loam,non_favorable
6.29,24.17,35.89,54.38,26.38,33.21,630.37,loam,favorable
6.17,77.36,13.91,41.64,6.25,42.82,1130.75,loam,favorable
8.54,59.93,22.34,74.21,65.64,16.84,756.1,loam,favorable
7.08,66.7,31.83,55.05,98.54,27.79,299.32,sandy,favorable
6.74,94.22,23.48,19.27,24.68,42.59,965.72,silty,favorable
5.78,66.49,37.4,118.61,109.84,37.7,1883.29,sandy,non_favorable
4.67,57.68,26.88,43.8,6.87,59.04,1859.7,silty,favorable
7.75,36.97,34.12,51.04,68.99,41.02,1424.64,silty,favorable
5.84,93.72,25.79,78.73,109.7,101.95,2075.41,silty,non_favorable
4.63,18.83,10.33,17.09,42.13,84.07,1071.36,sandy,non_favorable
4.9,72.93,35.99,98.86,66.82,5.57,1576.48,clay,non_favorable
5.67,77.8,13.55,113.92,13.63,42.87,1425.5,sandy,non_favorable
5.71,28.63,14.41,57.98,19.52,104.12,1706.07,silty,non_favorable
7.37,68.46,26.7,32.66,59.96,61.36,761.08,silty,favorable
5.52,36.1,19.48,14.52,69.23,105.38,1518.96,silty,favorable
7.63,21.01,25.83,29.43,82.11,58.84,970.12,clay,non_favorable
4.97,31.69,28.9,65.68,103.72,92.46,823.65,silty,non_favorable
7.45,82.82,13.38,19.96,110.42,49.34,1104.86,silty,favorable
8.01,30.04,18.89,23.88,40.32,105.03,1496.77,clay,non_favorable
6.57,23.57,13.53,6.91,58.0,35.68,1152.48,clay,non_favorable
6.08,24.47,27.61,45.76,29.39,50.65,1061.7,silty,favorable
4.74,36.81,13.13,79.59,89.18,53.6,788.01,loam,non_favorable
5.29,37.07,29.44,64.64,17.56,10.74,697.89,silty,non_favorable
5.49,19.25,11.14,35.61,12.57,16.62,652.93,sandy,non_favorable
6.26,23.1,33.49,106.15,35.85,28.66,1771.46,silty,non_favorable
7.37,71.47,19.22,5.36,26.28,109.39,1444.24,loam,favorable
8.34,70.03,15.45,83.37,24.16,43.2,1110.43,loam,favorable
5.6,35.0,27.0,18.0,14.0,145.0,320.0,sandy,non_favorable
6.5,50.0,24.0,40.0,32.0,45.0,1550.0,loam,favorable
6.8,60.0,26.0,85.0,65.0,80.0,240.0,loam,non_favorable
6.3,48.0,27.0,36.0,28.0,42.0,780.0,silty,favorable
7.4,70.0,25.0,32.0,24.0,130.0,1200.0,sandy,non_favorable
6.2,88.0,29.0,34.0,30.0,48.0,420.0,clay,non_favorable
8.1,72.0,30.0,38.0,22.0,44.0,1350.0,loam,non_favorable
6.2,88.0,29.0,34.0,30.0,48.0,420.0,hydromorphe,non_favorable
6.4,86.0,27.0,40.0,28.0,55.0,680.0,hydromorphe,non_favorable
7.3,52.0,31.0,35.0,24.0,120.0,920.0,salin,non_favorable
